Sadly SAPURA can touch 20sen..:)..,-1
macam mau crash kali..,-1
Tun you do your best olwdy..this is malaysua fate.,1
what??????? you also so lazy to do research on jaks forum.. how we take your advice????    tut tut just wonder.. Hurmm,-1
1/3 of morning volume from IDSS....Set block big big la...later kena wash...,-1
dont dispose your shares now,1
"It is fine for you to say Jaks is not a good stock. It is your opinion, I accept it.  Telling faked news to condemn Jaks is not fair here.  We recommend Jaks with facts and figures to tell you. We did not tell lies on Jaks. We back up our statement with proof, facts and figures.  You can disagree with us with your good report to tell us we are wrong. You do not do your homework and yet simply condemn us is not very fair here. Please do not be an irresponsible people who talk without facts and figures. Passing sweeping statement will not convince me. Passing faked news is not fair to readers in I3.  I lost my respect on the person who spread the faked news here. Want to win an argument by telling faked news is as good as telling lies here. I ask the same question here, how he teaches his children with good value if father is also telling lies here.  Time will tell us who is right. We believe in fair play.  I had said enough, I stop here. Thank you.",1
sudah mari 1530 and below ..mana Spinninglotus..dia cakap 1500 and below..boleh p ni..:),-1
i bought at 0.15 until hHahahahah not like you no shares,1
"I think is not a good ideal or irresponsible to simply make your buy call or sell call. Be a person with integrity pls. This sapura is highly manipulated, the downtrend could still persist much longer. My humble advice, dont makenyourself sound stupid by making buy or sell call here everyday and bark like a mad dog.",-1
"Wow, djia up so.much",1
"Counter won't crash dramatically since there's plenty of institutional investors. Everyday high volume with price going nowhere. Needs a boost with profit announcement (if any) soon. Otherwise its operation is similar to wwf, a non profit org.",1
"Do you know how serious now? Please dun jus follow others country foodstep, do more than others country, must stop stop the aingaporean come to malaysia and stop malaysian go sinpare work everyday travel",-1
Trump yg terberak takut hilang kerja terpaksa serang iran. Armada pun stim mengila.,-1
"All other oil and gas counters ie alam, perdana, dayang, etc, only Armada remains the same?? Despite few days dropping and no rebound?",-1
"Panda , no need be scientisk only know , use our commensense we oledy know.",-1
1.10 no enough la~ should go to 1.0 !! I going to get new fund already~ Better all dont support anymore.,-1
Mayb operator want to shake off weak holder and to accumulate before push,-1
Hmm...I dont think vietnam gov cancel jaks power plant in Vietnam....the chance is minimal but there is a chance to incur some cost by operator to reduce environment impact or instruct by gov to switch from coal to gas...hmmmm,1
Would love to see Queen Anne rally.....seem other ships picking up pace but QA stil below 30.,-1
counter ni memang kelakar...... nanti sure jatuh kepada 0.26 selepas cerita war kat iran stop.......,-1
"IK, show your courage. how many shares you bought trapped at 0.53-0.55",-1
"As simple as declaring dividend, even if Directors from Andy side bulldoze through, and Chinaman does not agree, do you think you can get any dividend? Go to AGM, and Chinaman just simply vote NO. What can Andy do? If every now and then, Chinaman wanted to call for right issue, but retaining the profit (as reasons provided by Red Chips not declaring any dividend), what can Andy do?  How come sifu doesn't know how Malaysian business played out MITI shares holder? Same tactic deployed will kill Jaks, unless Andy can follow their game.",-1
Armada cannot break 555sen because KCHANSY no money to buy at high and sell at low..hahahahahah..:),-1
"Power grid management is planned yearly with quarter review and many consideration. Hai Dong is only one of the many producers and there are many consumption forecast to manage, If the power grid tie in is not plan for the year, highly likely that year even though electricity seller ready power grid owner will not allow tie in. The registration of tie in to grid usually done one year or earlier. Unit 1 seem to be in the 2020 plan not Unit 2. I try search again, however if you can find otherwise please advice.",1
All have been trapped by old M.,-1
Later 225 u are the one cry kaw kaw,-1
Cakap apa pun x guna. Dun said 250m profit. 250 b pun x naik. Without kyy susah naik. Just some big sharks goreng goreng to trap newbies,-1
"But nobody did mention how much the impairment loss, weird.",-1
big show to drop ??,-1
"If you all still lose money in share market , you have no money to eat soon. Keep some money for the coming time.",1
"Tiger,.You can cheat the newbies but it is not me!",-1
"kyy sour grape only lah  when he bought jaks last time, all these property issues already in existence, but he chose to ignore them and promote kow kow  now he has already sold out, he talks 3 talks 4",-1
"All stocks also drop, you are also sad because your stock is also dropping unless you have zero stock now. Attack Jaks also will not help your stock to go up. No point to feel happy now.  Those can afford to lose, no worry, still sleep well.",-1
"Catball, Today u lucky. Buy back the price u short. Loss transaction fees only. Try do that next week.Join the naked boys and get washed up nice ly.",1
Shark successfully conned small fish to buy 0.275 again. I hope this stock fast fast drop to 0.005 and all shark died. ??,-1
"Economy might be slowed down, market crash is unlikely for the time being lah",-1
Testing your patience now,-1
"No driver, no price mover how to go up? If there is another KYY willing to put in his money to buy up 32% of Jaks, that may jack up its price but will never reach 1.80. Why? Insider like Merican ever ready to dump and pocket easy money from FREE shares awarded for their lousy job.  But is KYY willing to be involved again after bitter lesson? Any fund managers willing to park money in Jaks? If no investor with significance willing to bet on Jaks, Jaks can only ding-dong until all has lose interest. May Day if share price falls to level that trigger margin calls, all pledged securities will be another KYY in making. Do you expect them to support Jaks share price when margin call coming non stop? Good to learn from lesson experienced by WC when meow-meow sinks one by one and WC has no more ??",-1
possible ww3 as mentioned by gooshen. sellll and runaway,-1
"Why so many sifus want to tell lies when they come to promote their favourite stock? Really sickening to say others telling lies but not themselves!  What lah target profit 5 nringgit, 10 ringgit per share, later turn out losing money like no people's business.  Told keep on telling lies to entice newbies! I really lost respect to so-called sifu asking people to support his share when he has already bought them cheap.  Don't you feel shameful? Keep on telling people gave fake facts, whereas what he wrote is gospel truth.  If I were him, I feel no place to hide my face too.  Enough is enough. You put up your buy call, nothing wrong with me. To keep on telling people sabotage your buy call is unbecoming.  You make your, I write what I think.  You don't owe me favour, neither do I owe you anything!",-1
This time its not like Saudi bombing Trump is following Lindsy law if Trump does want to get sacked by senate. War is what lindsy wants to so 99% its war this time 1 week only results out.ARMADA TO FLY FOR 4 YEARS,-1
FED UP with Armada,-1
dont la .. i already in at 1.24 .. will loss kao kao if till 1.00.,-1
"Good news for shark, take this opportunity to sell it to limit down today.",-1
"...... Tiger conman detected..........mudt not listen to him......... 45,55,75......targrt Nvr change",-1
https://klse.i3investor.com/blogs/stock_pick_2020/2020-01-02-story-h14...  Jaks is the most popular pick far outweigh the next in line,1
loan dgn Maybank..interest byr tinggi ke Maybank..Maybank owned by PNB also..SAPURA owned by PNB too..so untung lor..:),1
"Oil price is not crashing. If it crashes, its not good for US shale industry. After many days of rising, its normal to consolidate a bit. Trump is not scared of war. A man of peace and as any business man, he weighs profit & loss. He just don't see any reason for US to be in Mid East. US is exporting oil and gas. LOL.",-1
Nothing special with CNY. Angmoh New Year also hardly moved. Take care.,-1
Down 1cent but up half vent for you only,1
Mabel @Plug I sold my Sap at 0.28 now happily bought back more at 0.235..it has plunged for 138% will be safe to buy... just my opinion.14/02/2020 3:52 PMMummy is waiting at 0.20Ok lets see when can we get 0.20...haha,1
See u like this also tired...,-1
just buy and wait,1
dont surprise..Armada will touch below 40sen..,-1
this mamak giv u toxic kfc u eat sure send u to hospital...hahahaa,-1
Sometimes young can ask some silly question but very useful for find some some new knowledge that doesnt exist now.,1
Invest b4 bagus so bila Mudajaya start construction bila signed its PPAs?,1
Damn...This 55 is like my first night...So difficult to break !!!,1
As planned war right on time. Too bad for those who sold as on Monday its RM1 as oil hits 100,1
who want to buy oil..if World War..:),-1
"Only newbies will come to i3 to question others why this, why that. Try to find fault? You don't owe me any favour, likewise I am not owing you any explanation.  If you have done your homework, you need not scare what others have to say.  Promoters only want people from same camp to reinforce their belief. They are not here to seek your opinion if yours differ from theirs.  And I am not talking to any promoters, they always think I want to sabotage their position.",-1
"if he had never been born,all problems and Malaysian poverty does not exist.Singaporeans will come over to Malaysia to work as maids and factory workersdefinitely I am better than him.",-1
oh forget..Come on SAPURA..20sen..you can do it..:),1
"The window of opportunity for buying is getting smaller...... If anyone thinks he can talk down and buy cheap, need to work harder and faster..... The power plant will begin steam blow tomorrow.",1
"Want me show off mer? Hahaha...CIMB also dump at 25sen la....CIMB lg li hai...TP28sen before dumping everything at 25sen. Then TP15sen.Only then, I only know how a big kong kam IB can be.Since then, when IB say buy, I sell. IB say sell I buy. Now, all so clever give TP 55sen la , 62sen la...15sen that time all keep quiet...",-1
"Yes sell more to me thanks, i waiting at 50sen, first phase (peace crossed finger)",1
letsfly....only price take off..but physical oil will stuck at strait of hormuz..iran will block all the in and out strait of hormuz..they will fire fire there with Nato and USA ..:),-1
This dude is nothing in oul and gas world.,-1
"Another faked news. Please read the below link. https://www.malaysiastock.biz/Corporate-Infomation.aspx?securityCode=4...  You do not do your homework and yet simply condemn us is not very fair here. Please do not be an irresponsible people who talk without facts and figures. Passing sweeping statement will not convince me. Passing faked news is not fair to readers in I3.  I lost my respect on the person who spread the faked news here. Want to win an argument by telling faked news is as good as telling lies here. I ask the same question here, how he teaches his children with good value if father is also telling lies here.",-1
tak nak naik pula. then please drop kao kao to 0.45.,-1
buy *,1
Putin also has to give up.,-1
Tomorrow buy on dip buy on dip,1
"When did Jaks pay dividend? Never before! Directors self-enrichment scheme perhaps. Just like HYR, even when it made 5 ringgit or 10 ringgit a share, you think you can get peanut from the Chinaman? What more Jaks is only has 30% of Vietnam power project, Chinaman can simply ask Andy Ang to go fly kite. What can Andy do? Nothing man! Chinaman has history as how to manipulate accounts, and to cheat on Malaysian Partners. Jaks is no exception!",-1
Drangon If you buy sap can't even earn a lunch ….,-1
Get ready..streghten dollar soon..which will effect crude oil price..so Armada can reach 45sen-39sen..sell sell sell..:),-1
"Mudajya i bought before and the reason i sold it when the construction period all around the roti canai news !  Did you see the vietnam gorvement roti canai and why happened ? I only found some uncessful project in vietnam but main reason is not government.  PS: Recent malaysia government is more roti canai, that why cant attract investment but you see how the Vietnam to attract all the investment.  For those are keep doubt on the vietnam government better quit from malaysia market because you have to know which is more roti canai.",-1
hope you all know pangsai is a conman. give unrealistic high tp for you all to chase so he can sell to you. as proven in Armada case.,-1
"dailyklse2010 bro...with a 70/60 % shareholding of HAI DOUNG POWER PLANT ...i strongly believe CPECC is more "" kan cheong "" ( than JAKS n us add together ) to implement and hence make this project a TOTAL SUCCESS !!!",1
Come on Armada ..sakit perut..berak some more..down 50sen..:),-1
Just buy and wait,1
Let me know what is your average cost Let me know what is your expected profit I will be in better position to advice you how to maximize your profit and minimize your risk  TP is such an amateur question. You want TP? There are TPs ranging from 75 sen to 120 provided by Share Brokers.,1
RJ87..i never change my ID la..i dont know about you...maybe you have multiple ID..dont slander other people if your forecast salah especially about Armada..hehhehehe..BE HONEST la..i am waiting 45sen then 39sen..then see how la..maybe 34sen..who knows..but..at least i am not promoting stocks like you..keep asking people buy eventhough the price is already high..:),-1
come on SAPURA..go down to 20sen..,-1
to all JAKS minority shareholders ...here is to JAKS share price ...PO PO KOW SENG !!!,-1
"apa need to focus his battle at Sapura, still stuck there...",-1
Break apa... Look at volume.. Not that high also..,-1
1.5 saja tak mampu?,-1
Virus flu plus the HiNioutbreak will bring more violality,-1
Dragon..Dow Jones Industrial Average loss almost 300 points this evening lor...dont play play...like i said..SARS as benchmark..market loss a lot lor..so dont play play with this virus..,-1
"Stupid shark, still want to play around 270",-1
"IK, please buy now or regret tomorrow",1
????????????  ????????????  ???????????  ???????????  ????????  ??????????  ????????  ???????,1
"Speechless, accidentally sold at 0.545 them bought back 435k shares at 0.55",1
EPF dont have much money this month to support market because EPF has to pay dividend. so market will down further..:),-1
Shorties u die badly during war.,-1
"I love what kcchongnz preaches: 1. Margin of safety 2. FCF 3. Profit margin  and from myself: 1. Credibility and trustworthiness of Directors/ Major shareholders 2. Financial Strength of major shareholders  I need not explain what is Margin of Safety for Jaks. You analyse and come to a conclusion yourself.  As for FCF. Jaks generates any cash flow from its operating units? How does Jaks provide cash flow from its daily operation including millions paid to its directors every year? kcchong is definitely very good by one look at Jaks account and he will walk away.  Profit margin on its main revenue sources? What s the GROSS profit out of total Revenue? Again kcchongnz has quoted too many times why he will walk away from Sin Die (of course on receivables too).  Credibility and trustworthiness of Principal Officers managing Jaks, are you not paying any attention to how they were given millions share options (ESOS), then tens of millions of FREE shares, in addition to millions in Directors' fees? If he help Jaks to make hundreds of million profit every year like Genting, fair enough he should be rewarded accordingly. BUT when Evolve Mall is dead, Pacific Star not able to deliver VP, compensation paid to the Star, and Vietnam project yet to bring in single sen profit, he already think he deserves all the share given to him for free. Why is he so thick skin to demand all those free shares when company under his management still suffer losses due to his incompetency?  How strong is major share holders in terms of financial strength? Read list of major share holder and you will know they are as strong as WC of the meow-meow group. That could be the reason why they are so hard up to demand for free shares at the expense of minority share holders. If at all, Vietnam power project really making big money later on, won't be surprised they will find ways and means to enrich themselves further, before they will pass any left over to you......",-1
kcchong expressed interest in jaks when it was trading below RM1.00  don't everyday kcchong kcchong  you hardly know the man,-1
Market will be interesting this end of February..volatility is good for capital market..all the best market warriors..:),1
"Dont be fear, monitor it closely and decide",1
"The Group’s firm orderbook at the end of the third quarter of 2019 was approximatelyRM18.5 billion, with additional optional extensions of up to RM10.0 billion.",1
2 RM today? Why must cheat?  deMusangking yes! buy when 2.00!!!  Haha,-1
"All those Losers  drop a bit, shout & attack here and there no drop no up, shout & attack here and there up a bit, shout & attack here and there up a lot, suddenly become diam diam  and the cycle repeats again and again.....I reckon Jaks until RM3 also the Losers doing the same thing here.",-1
KYY lost a lot of $ in Jaks true or not? Can those buying become poor?,-1
dont hope la 75sen..tak sayang duit ka..mau burn finger buy la above 65sen..:),-1
Dishonest answer. No wonder drop 4 sen just like PH dishonesty to win GE14.  DK66 I believe it is the other way round. How much Star owes Jaks ?,-1
"Hello .... happy new year to old friends. Still here and will even buy some more once my money gets transferred. Too bad i missed the 40's.One thing that I see here, and that has been consistently bugging me, is the perception that prices were brought down intentionally. Even some analysts called it 'kitchen sinking.' It makes perfect sense. Insiders thought: let panic sellers give us their shares at half price. It is their decision. And they would strongly suggest that there was not much hope for reversing charges, they sell a few items/assets below value and ... watch the drop in price with satisfaction. I did not get them my shares. On the contrary, got some more. Sooner or later, reality sets in.",-1
furthermore many are still sceptical of JAKS POWER PLANT venture !!!...but with these latest photos hopefully more will be convinced !!!,-1
Dropping for no reason again,-1
"Totally agree with Pang Rm 0.60, in fact Rm 1.00 still undervalue.Armada earnings & revenue are by far superior than yinson, thus armada cannot be continue so undervalue with its improving prospect coming.",1
Buy after IPP QR why cannot wait?,1
kasih jackpot.price...,1
Someone keep selling. Block price up,-1
"Now everyone hoping it drops then can accumulate more, many hidden buyers behind I believe",1
Let's see if 30 can be breach next week...,1
You can move all your underwear to oil n gas..Super rally...Uncle YY (Dayang) will beat his enemy (jaks) soonest...100 hundreds small kids attacked an old master.Results will reveal for oil n gas!!,-1
Just buy buy buy buy and wait,1
IK 5 mil shares almost half of the whole day trading volume. 5 mil plus 2 mil IDSS = 7 mil shares WOW. 3 mil shares trade in between the public. bravo IK,1
"Tiger conman..Don't dream...45,55,75...",-1
"For a deal done, there must be a seller who think the price may fall. There must also be a buyer who think share price may move up.  If there is a powerful operator, Newton's Law of Gravity may not apply for short period of time. Just like powerful rocket propel space craft to the moon!  Japanese candle stick can cheat. Volume may be a better indication. Fred Tham's TVVA or momentum play for day trader may be more effective than 1000 days chart............",1
"if jaks really good, now already break ytd's high..why yesterday people still take profit and today sell down?",-1
Go SAPURA Go..35sen..:),1
"I m not. greedy, if Jaks up 2cent daily until Year end :)",1
??????,-1
Ok i will support with buy que...riding on 4th wave,1
just buy and wait,1
mau short 30 cents tikam angin ka ?? old shark salah short price ka ??,-1
Kcchongnz' name is quoted by ks55 ............. I don't not recall Kcchongnz making such negative remarks against Jaks,-1
"gemfinder , last year any fund manager selected dayang? Many chose CIMB ,maybank and tenaga. In fact all the 4 IBs gave a tgt price of less than rm 1.00 at the end of 2018. What was the dayang closing price on.31st Dec.2019.? A five bagger if you.compared dayang.price at 2nd Jan 2019. Are the IB stupids ?? What are the returns for cimb, maybank and tenaga?",-1
"Get ready with your cut loss strategy. Some sifu may want to use local maxima as reference, i.e. 8% off 1.32, that is cut loss at 1.21 Some sifu may want to use purchase price, i.e. 8% off 1.28, so cut loss at 1.18    Has present price triggered you to cut loss now? WIN BIG, LOSE SMALL  Safe to protect your capital as first priority if you already retired, or near to retiring.  ??x?? ??x??",-1
Big show coming...,-1
JAKS faster drop !! My Hibiscs already break even and going to sale anytime to change my universe Miss JAKS.   Hope you guy keep saying bad about JAKS ! please bring it to 1.00 and lower again !,-1
armada will down 45sen ..:P,-1
Until now Not even break 30cents.... Lousy PBN,1
"And price definitely is super undervalued now, if we compared yinson PE 33 now, and yinson got up to rm7 per share which is about pe almost 40Armada now price not even got pe 10, it's ridiculous",-1
"U see, EPF disposed and market absorbs. When EPF buys back when IDSS subside, price rocket again.",1
pangsai conman.,-1
Sapnrg collapsed . The spinning curse is really accurate.,-1
drop to 0.46 I sure sailang my bullet,-1
"not really rubbish stock, contract and fundamental still intact just that the shares issue too much. and the director paid is too high.",-1
"Morning morning. Counters related to umno will go upPrime Minister Mahathir Mohamad looks set to replace Malaysia's ruling pact with a wider coalition that includes opposition parties Umno and Parti Islam SeMalaysia (PAS), but could leave out his Pakatan Harapan (PH) allies that were voted into government at the last general election in 2018, political sources say.It is understood Tun Dr Mahathir has corralled the support of a majority of lawmakers in Parliament after a flurry of party meetings yesterday, but has yet to receive the nod from Malaysia's King, Sultan Abdullah Ri'ayatuddin, to engineer his new so-called backdoor government.The move, if successful, will thwart the succession plans of Parti Keadilan Rakyat (PKR) president Anwar Ibrahim, who is meant to take over from Dr Mahathir as prime minister under an agreement between the PH parties.",1
blow job you mean?,-1
CPECC is very very very reliable  IPP success has become new normal  Got to b something spectacular,1
kita mau tengok how celaka itu long de shit spinninglotus DogEatShit !!,-1
Tun will announce stimulus economy package on the 27th..Meow...,1
"Walao, all hell breaks loose ... Everything is falling, Crude oil price n global equities nonstop selloff ... No eye see already ...",-1
Go to read what is the meaning of facts. You tell facts and figures?  Facts is Jaks is losing money. Facts are all those already verified.  What facts and figure? All speculation and feel good (syiok-syiok sendiri)..,-1
Jadi producer pun tak naik apanama apa macam ni.,-1
"Singapire big trouble with the wuhan virus now , starting lose control.malaysia goverment still dun want to stop the worker to singapre everyday and stop sinpaporean come to malaysia.",-1
wah lau... dont play play oh..,-1
I scold this shark is stupid is because only want to sell down not push up. Like that also you consider this type of shark is your gui ren..??,1
I think eat to much maggi mee will much more dangerous than Wuhanvires...die faster.,-1
"Market loss from 14th May 2018 until 30th May 2018 by 167.11 points. Will it happen again with this current political drama. So if it happen again, market has potential to touch 1,366.80..heheehe..Malaysia Boleh..",1
"Haiz, it perform worse than AirAsia although airasia have the fresh scandal. Seems like this company is having some really bad fundamental.",-1
no cut loss for jaks...haha you must be kidding..,-1
"Dear ks55, The Law of Here and Now: We cannot be present if we are looking backward to examine what was or forward to worry about the future.  We need to free ourselves from the resentment past or worrisome future in order to capture the opportunity of present. No point keeps dwelling in the sorrowful past or fearful future; we need to live in the present.  The present facts and figures tell you the past record of JAKS is awful but the very near future of Hai Duong power plant is very bright. OTB, DK66 and others in this forum did not promote JAKS with “Sailang” or “Margin finance” likes it was promoted before.  Everyone in this forum is welcome to digest whatever information in this forum and make their own intelligent and informed decision. If you want to wait for more clarity then no one force you to buy now as you can wait till end of this year to know exactly how much profit and dividend distribution from Hai Duong power plant. And if you are still not convince than you can wait until JAKS declared dividend to the shareholders before you buy in JAKS. This is free world and you are free to make you own choices.  Thank you",1
Not slow...quite radical to turn 12billion behemoth profitable.I like the part he sacked 5sme and increase operating efficiency by 33% on kraken.That’s a no garbage policy. Sapura can exercise such degree of meritocracy?Regret didn’t buy dsonic when it was plagued with Zahid bribery scandals.Dsonic is a legit gov service provider. Some corrupted officials come ask for bride in bolehland isn’t his fault. Bottom line is look for company that’s plagued with bad sentiments without operational or material difficulty.,-1
just wondering why you love pouring cold water ??? ...you see people lose and suffer then you shiok eh ???,-1
INVINCIBLE.maybe u still young..Do not play fun with corona virusPeople are sufferingTq,-1
Buy,1
All the things price will up n up.,1
Mudajaya 0 business sense Sarifah even speculate ada element of scam,-1
"If you are willing lets take a further look into 2022 ! Jaks is given the option to acquire additional 10% of HaiDuong Power Station, making it a very significant 40% partner. The dateline is 3years from COD at a cost of about rm250M. (This is another juicy part of the contract not frequently talk about yet ) Given that projected cashflow for 2021 itself is sufficient for the acquisition..it is no brainer Jaks will make the acquisition. And I think they will do it sooner than later..probably by 2022. BTW, Jaks will have 3 board seats rep and CPECC will have 2 board seat for the first 3years. So what will be the impact ?  Net profit for 2021 (Full production and 30% stake) = RM 287 million. EPS = 287/643 = 0.446 Base on PER = 10, the target price of Jaks should be RM 4.46 in 2021.  Net profit for 2022 (Full production and 40% stake) = RM 382 million. EPS = 382/643 = 59.5 Base on PER = 10, the target price of Jaks should be RM5.95 in 2022.  When the HaiDuong plant is fully operational by 2nd half 2020 and Jaks acquired 40% stake, I suspect the PE will go well above 10 ! Anyone is free to debates the numbers or facts ,better still provides your rational or data but pls do so with a good spirit.",1
"Down 4 sen on Friday not downtrend?  OTB Jaks is still an ""up trending"" stock, NO REASON TO CUT LOSS. Base on TA, we cut loss if the stock is ""down trending"" stock.",1
wow oils shoot up 3.6%,1
"ciaksai, Are you a normal human being ? Do you feel shame to attack people when stock market is down ? You like all people to lose money and laugh at them.  You have a bad heart, hence you did not do well in your investment in KLSE. God will not bless this type of people. Wait and see what is your consequence.",-1
Oil up 4.34% wow,1
wow 1.19 buy more,1
You never know the next u see armada at 1.00 break 55,1
You want CNY angpow?Go grab Emico. Tomorrow at least 5 sen gain and hope for 4 years once 20 sen gain.,1
"Fed up, back to 0.535 again, already 1week Armada operator doing the same thing again n again",-1
"Price next minute or hour or days - 0.45 or 0.55 I can’t tell.Price in 2-3 months time after Q4 is out, almost certain to be higher than 0.50 today.Match your buy/sell decision based on your preferred holding period. If you’re a day trader trading on volatility, buy or sell both make sense depending on your speculation. If you can hold a couple months, buy seems to make more sense.",1
"It's been a while - happy new year.2020 motto remains:Relax, keep calm and continue buying on temporal dips.",1
Lotus... ada info share lerrrr... Save ppl good for you ?,1
Looks like most IDSS is focusing at my Royal Fortune ICON. Today it climbs more than 100%. It's already 48 sen..more than my Black Pearl Armada and of Course Queen Anne SapnrgMeow,1
all r join drama show.. don tell me one of them r true hero,-1
"Anne,Mummy is waiting at 30....Remember what Mummy said...""don't talk to stranger""..See you soon...",-1
"Wow, Amazing !Damn hot man Armada today ! What happend?Now Armada already traded at 0.55 (+0.015) (+2.8 %)Today probably can closed at 0.60 (+0.065) (+12.1 %)Keep it up Armada !Huat ah ! Heng ah ! Ong ah !",1
Closed at 0.500. Next week can starts accumulating more,1
rocket missing,-1
Crude oil price keep dropping ... Europe equities bloodbath ... US Dow Jones futures drop 500 pts already ...,-1
KLCI lausai 27pts in last day of 2019 ... 1st day of trading in 2020 don't know how lor ...,-1
SAPNRG pushing already! Hope you all kept your shares intact wahaha. CNY dinner coming soon!,1
Oil will trade downward and stay low for months.,-1
Morning morning. What goes down will come up. Economic slow down due to the coronavirus outbreak but it will eventually go up,-1
"Everyday shpok (annie87) say big show after 4.30pm, but no show till now, it's already a week+++, I don't believe shpok (or annie87) anymore, so I will *sell* 3.4mil shares now, if price really got up to 0.55, I will only *buy* back",-1
just buy and wait,1
No needs 5 months it has already up today...,1
SAILANG SAILANG,1
"IDSS play quite risky game. If they can’t cover their @ss on time...they can lose a lot...IDSS feed of momentary fear. Investor feed on business value. In between, are kong kam that buy high sell low. And also those make chicken feed.",-1
whether its TP 60c tomorrow or next week no problem.Janji it WILL reach RM1 soon,1
"The upward swing factor now will be OSV utilization.Petronas has significantly bumped upstream capex and demand for OSV in 2H2019, and I think Armada should benefit tremendously from this. Utilization is likely to be >80% by the end of this year and Armada can realize its full cashflow generation potential to pare down debt.Also, there's no short term liquidity pressure on Armada in the whole of 2020.On this basis, I think downside risk is very limited and the upside potential is huge, especially we have a potential Claire award incoming.Buy, hold and sit tight - bumpy as it may be, enjoy the ride.",1
Mana u guys when 46-54sen?54-64sen will go missing again. Kena tsunami sapu naik pokok kelapa.,-1
RJ87 shaky already like KYchan..heeh..all are promoting to people to buy above 50sen..and still promoting to buy while EPF dumping this stocks..:)..dahlah..dont ask people keep quiet and as if you only pandai..:),-1
Mudajaya also IPP why so cheap?,1
"no positive next quarter, still bleeding like hell....omfg..",-1
"There are so many counters to invest, not this screwed up ,,,,,,",-1
DK66 answer first how much Jaks owe Star if you are honest.,1
"Oil in bearish, unless another missile strike. Else wait until Marc lo...",-1
"The cut loss 8% is what stratergy? Should cut loss when the company change to bad future la~ Now my hibiscs going to turn green lo~ follow this 8% loss kuat kuat~  Super bright future for JAKS now, must hold !!!",1
"When ppl had stuck for long time and having huge losses will lack of confident and scared of buying. these are normal situation. Just like spinin when Sap was at high he promoted buy called, now consider is the lower and he has no confident said that might going bankrupt..",-1
30cents coming soon,1
"Only spin said that afraid of bankruptcy, obviously Sap after been restructured now has works smoothly..",1
Brent oil is up. I got full confidence on Armada then!,1
US Futures loss a lot this morning..Crude oil also..Malaysia political drama...pergh..Monday blues today..:),-1
Operator is fishing shorties to short,-1
"I just came back from dalat, Vietnam  experienced power blackout there  Vietnam needs electricity  jaks will be treated well by the authority",-1
Sell,-1
Good sign ! Good sign ! I have strong faith in Miss Jaks & believe she will perform very well from now onwards !! Despite the bomb dropped by KYY !!  Cheers !,1
"sell ur jaks and switch to krono,b4 u regret",-1
"What's wrong to cut paste? I am not interested to see what other has posted before 31 Dec 2019. I do not want to be influence by what they wrote I speak my mind I form my own opinion I got interested in Jaks only after I read Jaks was withdrawing its appeal, and prepared to pay penalty of 50 million to Star.",-1
based on data..1488 can be reach lor..,1
Let see how whether the lowest RM0.26 can be sustained.,-1
Lelong day again. 0.230 in the making,1
Calvin kor kor ?????????????????????,1
U are indeed talented short seller player. Maybe tomorrow down to 275.,-1
Most followers in this forum bought at 1.28 and above. Is it good for them to exercise cut loss strategy>  I am not referring to those who bought at 50 sen. Surely they will be laughing all the way to bank if they are selling now.  Are you the one who bought at 1.28? You will just be the cushion for those who bought at price much lower than yours.  Preserve you capital if you still want to be relevant in stock market..........,-1
cayalah SAPURA ..go SAPURA go..all the way to 32-35sen..:)..boleh makan Kentucky..McD..Kenny Rogers..semua boleh hentam.:),1
There are so many many good counters to buy now instead of sapu la la...,1
"If we believe in the company's turnaround stories, patience often prevails.And most of us longer term Armadians, are counting money now from many months of red when it tanked below 20c.",1
"why do you bother, noob. stop asking stupid dumbass question. go out with your family instead of wasting your time developing garbage. you dont have any holding, why need yo bother",-1
sigh ... still not learning ...,-1
ke55 yes we never follow old sifu.. ask all soldier person when their on war zone.. are we stick on one methods.. can soldier obey the general order? if the position will destroyed the whole army? answer is YES!!  we never use old methods any more!! cutlost just for coward.. why play trade if just to earn loser? we like to fight no to retreat..  thats only paktua view personally only.. still respect other method.. their can apply what Style their want as long their comfortable with it..    tut tut we stick with own style.. will play with own methods,-1
"Look at dayang how that counter is going.. This sapura is sleeping cause management is also sleeping... How much also good news STILL COUNTER CANNOT MOVE AT ALL... SOMETHING IS WRONG.. THEY ARE NOT TELLING THE TRUTH ON THEIR DEBTS.... DEBTS ARE VERY HIGH, CAUSING THE COUNTER CANNOT MOVE.. DO NOT WASTE YOUR TIME N MONEY ON THIS COUNTER.. THERE ARE SO MANY BETTER ONES ON BURSA",-1
"LOL. if you so sure can go 0.75, even 0.55 also good buy lar . really talk cork king",1
"Bukan ex Umno saja, tapi x der integrity, penipu, senyum kambing yang bodoh!",-1
"Take care of your position first. You cannot afford to lose in stock market. Anyway, 10k holding only, no big deal.  My ROI for my 2019 portfolio was 175%. I used all my profit to buy Jaks. I add more position again today.  Ask ciaksai any good stock to buy. None, because he did not know how to write a proper recommendation report. He did not know how to read both TA and FA report. Then what is ciaksai good at ? He is good in ciaksai and attack writers in I3 when stock market is down.",1
dammnnn it ...back to 0.275...better take profit or cut win some 1st,-1
All oil and gas counters rebounded except sapura,1
"Market is a funny place....they like to think they know things that the others don't know...Then they will buy when suddenly there is surge in volume and price movement....even though there is no news for the movement; they are more happy to buy believing there is something brewing just because the blardy chart shows a monkey pattern there.Mikekim shares fundamentals of the company at 20sen but price went down, market think that mikekim is wrong. When price when up, market thinks it's overpriced.When FYE19 annualised earnings is 7.6sen. What's so overpriced about PE10? They rather buy something trading at PE30 because they want to believe the company they buy will have double digit growth even they have became a f*cking elephant at PE30. Market think that's double digit growth is very easy to come by or smtg.The market really treat the Bourse like an online casino. Today buy big buy small.",1
"YuMee habis, habis YuMee , because YuMee buy high sell low hahaha habis yumee",-1
"Dragon..i like you..positive thinker..but..Coronavirus dangerous lor..dont play play..Maybank and CIMB chart also negative lor..can test power 7.52 for maybank and 3.50 for CIMB..dont play play dragon..you have tonne of money so u x scared la..i have little only.better scared myself and wait 1,480-1470..or 1,450 (10% from 1612) for FBMKLCI..:)",-1
sapura energy price will drop.....wall paper.,-1
"""We don't have to be smarter than the rest, we have to be more disciplined than the rest"" - Warren Buffett  It is what I believe. Hence we do not lose big money. There is always a cut loss to protect our capital. Thank you.",1
no skill don't trade la....eat shit lorrrr,-1
Boring counter,-1
Fruit bro...I got no ski but got little luck last year... This year will sink for sure,-1
January will be volatile trade..get ready..all the best..i think the game will be market fall down badly before Chinese New Year rally..:),-1
"Apanama ur 45 and 39sen has no basis...That’s purely baseless....if armada should trade at 20sen, then Yinson should trade at RM1. Ur sapura should close shop already....Kakakaka",-1
2019 is over. Still stuck below 30 sen. Still got hope?,-1
Cny is coming. Counters are slow and not much momentum. Not movingggg,-1
"Today even worst, no volume",-1
"Yelling is nothing~ Today Jaks drop few cent is too normal because almost all my watch list is down.  Naysayers, please help to bring more down the JAKS price to abnormal if you got nothing support you said hard to do so.",-1
"Nothing to worry, Epidemic will subside in 2 months. By then an antidote will be found. Avoid non-vegetarian food. Take some pepper and basil leaves, daily.",1
"DK66, pjseow, Icon8888, probability, Do not worry, let the attackers do what they want. Time will tell who is right. No point to argue with them. We had done our best to help very sincerely and honestly. I did very well in last 10 years especially in stock investment. I believe in good Karma. Thank you.",1
Iraq got issue thats why refinery stopped. NO FIGHTING YET.,-1
Apan oil price this level sell your car now you got no armada shares sad for you,-1
"sifus why a contractor involve in law suit is considered good? Got hear Gamuda, IJM, etc involve in law suit? If Vietnam govn try to sue Jaks for IPP construction delay is it possible?",-1
Too early to predict jackpot price,-1
"IK, don't miss the chance. please do announcement after you bought it. since you sold alot below 0.49",1
"Actually, this month possible to test 1.10 (It is NOT a downtrend, just Yoyo pattern). Longer term will continue uptrend as the earning shows increasing pattern.",1
"have not bought back jaks, even though I put it in my 2020 portfolio  my real life portfolio slightly different from my competition portfolio  one is real money (protection of capital is important), one is to win (more risk is acceptable)  for example, my real life portfolio almost 30% in Alliance Bank, but in my competition portfolio I put 15% only. This is because I think it is not that sexy and cannot deliver the killer punch",-1
"Someone pls send some CoronaVirus to the Parliament hse ... Send all those despicable moron politicians to hell ... All of them thinking of their self interest only, no principal at all ... Hahaha ...",-1
Wait Babi get swine flu first...then u can sell...,-1
"I think most holding is becoz of the good result for the past few quarterTigerball, do share with us why you think Armada will not perform any better or decline further. There's no point for being so toxic towards the investors here. We are all here (in the market) with the same purpose which is to make money.",1
chow pi masteryou are starting to misbehavenow that your wife is not here to fakk you off.hundreds of billions of losses cannot be defended no matter how you look at it.Just fakk off,-1
Today I never talk about short selling Sapura energyBut I asked to sell during this technical rebound to exitThis is technical rebound before real crashTarget price 20cents still remains,1
"http://www.enanyang.my/news/20200102/%E6%9D%A8%E7%BE%8E%E7%9B%88%E8%8A...  2020-01-02  ?????114?-br?????6?????/  Is vietnam plant record in report? Ans = No  Malaysia also cancel few projects. Still say is Vietnam project.  Retailers in Jaks are buying a dream, dream like Hengyuan, Masteel, TRX,",-1
"they blow till they no longer get any particle coming out of the lines....  this is to ensure when they put through the steam via turbine (later), there are no longer particles at high velocity on the line to cause damage on the turbines…",-1
"However, i was caught watching Alam, when Panda recommended it around 11c.At last manage to buy tickets yday. Another turnaround company.",-1
"We learn something priceless and gain experience during crisis N-Cov,Brend and Wti drop and also brexit..maybe down jones will make major correction and sell down to 26K Point, it's will effect asian country, may be klse also going to crash soon maybe below <1450. so get ready to buy bottom sapura energy below 10cts.",1
"hahaha, semua member ada degree dlm bluffalogy..... bersama keluar semua untung-untung berita untuk trap greedy newbies...wakakaka",-1
omg. once war erupt between US and Iran equity sure drop.. u should biu oil commodity not oil stock,-1
100 millions of fund from fund manager is ready to get in Jaks next week.,1
IK may sold all his armada shares. silent whole morning,-1
"Im not graduate too, but i have a easy life too retired early.",1
Mega sales by Armada bro mikekim,1
A slooooow death. Not to worry. It will rebound when its books start showing profits with very low debts.,1
"Cny angpao will not be big, but OK for now. Next year I wan a big one from sapulah XD",1
"HONESTLY I AM SAYING DO NOT WASTE TIME AND MONEY ON THIS COUNTER... THEIR MANAGEMENT PURPOSELY BY MANY PLACEMENTS PUSH THE COUNTER LOWER, CAUSE EASILY THEY CAN DO BUSINESS WITH OVERSEAS PEOPLE... YOU SEE EVEN GOOOD NEWS ALSO CANNOT AT ALL PUSH THIS COUNTER... THEY ARE CONSOLIDATING THEIR BUSINESS... PLEASE TAKE NOTE GUYS",-1
"Annie87, he did say he accidentally sold 54.5 and buy back 55sen already. I bought back at 53sen.If up up up, everybody huat except the 4000000 IDSS this morning.If up 3 sen, IDSS hv to absorb 120k losses.",1
Quality of certain character really make me sick! Just wondering how are they going to teach their children good values…,-1
All stocks will push down later due to Influenza A..heheeheeh..no vaccine.:),-1
Seems like Armada operator wants to press down the price to 0.48,-1
"thanks edkfc, you are the kind of investors we want here at Jaks  to look at it as a business...to me this is what we really mean by 'business sense'.",1
Today break 55c then we are on track to 75c...,1
"Hahahaha pjseow, Someone say he will only sell if two quarter of reduce earning or he find another target. Take it as pinch of salt. Sell before he sell is what you need to do.",-1
Doubt it can break 30 today.,-1
Jaks is downtrend now. Looks like KYY beat OTB at this moment.,-1
"this counter is really interesting. lowest 0.26, then always up to 0.275 around that area. Just buy and sell buy and sell , hahaha.",1
Stay tuned...IDSS are scared shitless,-1
BA is keeping the armada constructor and installer's deployment till next quarter report.,1
Come on Armada ..go to 40sen - 45sen..:),1
10 sen is already being generous,1
Today IDSS die also hv to block at 55sen. I hope those buy 55 won’t sell until above 60.IDSS will run out of juice.,-1
Africa also got swine fever..Bumi Armada exposure in Africa..so Armada share will come down..:),-1
Mabel...Steady....!Brent oil is rocket up now to usd68. 6No matter how Armada will break 55c....,1
Tomorrow 44sen..Be brave..Hehe...,1
"Uhhh what the heck happened here. Sapura oh sapura, hold u long long but everyday u let me down and let ur self down... can learn armada or not....",-1
omg...what a falling knife,-1
"At 1.25, I am still laughing all the way to the bank. No loss to cut lah !! I never think of cut loss because there is no loss yet. Thank you.",-1
"The global impact of the virus outbreak will only be known in the second quarter report. Don't hold your breath for an early recovery. Majority of counters will be RED, Bursa will be sleeping for a long time, perhaps till November 2020.",1
"Morning morning. Now Dow Jones is alright, meaning klse won't drop 300 points la",1
Bloodbath everywhere ... Heart attack for many ppl ... Some ended up in hospital ICU ...,-1
The other day I cut lost at 0.29 so now can wait to buy cheap..,1
2 old men fighting now. one buy call and the other one sell call. don't know who is misled people. why not set an agreement who lost in fighting must withdraw himself from the world of stock market investment and stop posting any blog.,-1
"Beside O&G counters and gold counter Bahvest, today check Emico, poised for its rally to 0.40 in 1 day. Make it today or never.",1
"This called technical rebound? Bro, dont play me la, u sure u know what a chatty is?",-1
Your present in this forum is the best support for Jaks. Thank you for coming and spend your time here.,1
muahahaa all pawned.,-1
"naysayers are only respectable if they tell facts and truths  if they lie and misrepresent intentionally, they are liars  as simple as that",-1
"Base on PER = 10, the target price of Jaks should be RM 4.46 in 2021    wowwwwwwwww  I like !!!",1
become a real guy man................,1
"Dearest SarifahSelinder,  MFCB owned 80+% of that foreign biz.  JAKS onli 30%, even 40; like POLITICS, anything less than 50% + 1 golden share = anything can happen = bring the sexist wife = money to the chinaman to have FUN w forever!   AM super HIGH on jaks; so soli, please forgive me bcos many here r putting HARD earned money to investment. Let's NO HOLDS BARRED ... Never scold or curse anybody w their comments/opinions = nobody is perfect except HIM !",1
apa still watching with no shares ...hehehe,-1
U all are being con.Number of shares increase more than 3 times but price maintain at 28-32 cents since it's right issues.,1
not yet jackpot price 0.08,-1
Lng price down by 4% just today,-1
"DK66, yes, based on public invest report dated 19/11/2019, Don.Sahong power plant will sell 85MW of electricity to Laos government earning approximately rm 12 m to 25 million in Q4. This test run is making revenue too. if Hai Dong start generating electricity. it can also make some test run.money from electricity sold.",1
"Lost value for shareholders, yet get highly paid ? Was that Enron ?",-1
Just buy and wait,1
"When somebody has vested interest, what he wrote will all bias. I need not explain that. I just need to say he does not paint picture in entirety. Some truth, but not all truth.  Suppression of truth (even in parts) id fatal to any prosecution case. No telling the truth, the whole truth, and nothing but truth make any effort down the drain. Integrity is questionable..........",-1
of coz don't know how to read chart ... all baca salahkah kah kah,-1
SAP 80 attractive now,1
"Sk408 mo news, seems like it. Maybe the drilling is postponed due to internal issue with omv.",-1
aiyoyoyo ini timpat dali lulu smpai sikalang spiningtaik aajagah aiyoyoyoyi,-1
"Apanama, u wanna change ID how many time? 15sen 25sen change one time...25-35sen change another time...35-45sen change another tome...wait becomes 55sen support, u will change another time...",-1
2 jokers are praying for klci to go below 1500 and praying sapnrg to be 0.20,-1
Of course if oil prices plunge again then will be bad ..,-1
"No worry at this low price ... once company turnaround with good profit, price will keep going up ...",1
"so should i sell dayang and buy jaks...  or  sell jaks and buy dayang...  if cannot decide, buy both lor...  i sell all to u",-1
haha.. im waiting jackpot price for so long long long la..,1
"kn55, you did not tell the full story of ??and ??, You also use this proverb in a wrong context. ?? represent patience ,and look at longer term .Thr moral of the story is to tell peoples Dont be upset with temporary setback but rather prepare for longer term gain . Jaks has good long term prospect with.25 years good annual return . Selling Jaks and cut loss is behaving like ??.who was short term. You should be like ??and keep Jaks and dont worry about future earnings.?????,?????.",1
kasi tech sama kitaorang la newhorizon ...mana putty mau hantam ...mau kasi hantam sampai pecah lantai ka,-1
what pang 72? you only look at 10 cent profit? thought u blow said can go 0.75? oh ya blow only. lol,-1
"Seems like real crash now onwards, never rebound for any market index or stock.. Crazy crash! 75 VS 904!!",-1
Cheap? Every quarter also in red. With low oil price no more hope for this bad management to turn around. More right issues soon and after that drop like shit again.,-1
"I know DK66 does not need more money to survive. He has enough money, hence he retired early. I also have enough money for my retire life.  We just want to contribute our knowledge here. We believe in good karma. Up to you to believe us.  ???????, ??????? Thank you.",1
"Don't forget, it's O&G company. The worst case scenario, the price would be more than 10sen",-1
ni orang tua sekarang takut Jaks overtake Dayang ma !!,-1
The share market is going half death lol..,-1
"Ks55, I have already made known my cost and TP. Nevermind if you are unwilling to reveal your TP",-1
22.5 sounds like a good deal,1
Profitable business should trade 20sen. Ur sapura day day lose money one should close shop.U agree? U sold ur sapura and join armada better.,1
"wakakakakakakakaakalong de shit ... after short @ 23 this morning , now tak mau talk talk about short selling ka ...after kena taik , duduk diam diam ka ???? kepala benam masuk loji taikarmada also short this morning ?? kah kah kah",-1
waterfall otw,-1
I never say kcchongnz commented in Jaks forum. Read carefully.  I love what kcchongnz preaches: 1. Margin of safety 2. FCF 3. Profit margin,1
"Haha apanama.. I hope u are not being serious about your statement of ""who want to buy oil if world war"" ... :) based on historical wars, oil price will take off if war hits...",1
Tun M sudah tua why must deny?,-1
"I had bought Ambank ,maybank and public bank unit trusts before in my last 20 years . It was quite a dissapointment .The returns are low single.digit. I have sold all unit trusts. In my opinion, the top 30 in i3 stock picks competition are better than the Institution investors . The top 30 in last year stock.picks produce excellent double.digits returns. I do not think the more than 15 institutions can beat them in view of dissappointing klse index at the year end closing . Some investors in i3are worried why the IB s do not choose Jaks. Well, they dont choose.dayang.and mfcb in 2019 but these 2 stocks produced excellent results.",1
2020 and 2021 is armada's year to shine.........,1
????2019?12?31?1?38???????????2×60?????????2????????????????????????? ?????????????????????????????????????????????????????????????????????????????????????????????????????????????????????????????????????,1
"Spinin, sapulala ???????, ?? sap going bankrupt...",-1
"hope some of you learn some precious lesson - beware those SKL like pang72, IK, always shout sure go sure go 0.75 bla bla bla ... they want you all to chase high for them to sell.now 0.53, they not even ask you all to buy ... but ask you all chase at 0.55 ...certify conman",-1
many ppl are taking profit today... tomorrow will open high.. let see,1
Why everyday so many promoters talking yet no up? If you'll stop talking will Jaks drop?,-1
Dragon macam DAP juga...ego ja lebih..dia sorang ja bagus..bila dia betul..dia kata dia terror..bila orang lain betul..tak mau bagi credit kat orang..hentam orang lagi..sebijik perangai Lim Guan Eng..sudahlah dragon..itulah asyik gelak kat orang dan hentam orang..lain kali jadi seperti padi..lagi berilmu lagi tunduk..bukannya EGO...sudah muak tengok lu hentam spinninglotus and not appreciate other people views..yang u tau diversion..sebijik perangai Lim Guan Eng and DAP..lu orang DAP kot..kekekekeke..:),-1
Very bad play counter... Positive company but bad counter,-1
Cheapskate operator...,-1
today the Star online headline..PM: I'm ready to step down..so market down la..dont long la..1560 coming..:),-1
"Dear xiaoqing88, please enlighten me what is the relationship between the news that you posted and why related to Jaks? I dont see any effect. Thank you",1
when coronavirus increasing and sapura is dropping. when coronavirus stable and in reducing confirmed and suspected cases but sapura continue dropping. this is the issue of sapura.buy sapura just like you putting your money in FD.,-1
good la good la .. got ppls eat at 1.23 .. i dont mind you got cheaper than me .. janji untung sama kemudian .,1
"most o&g has rises a lot, only left those with debt burden and yet to do restructure like icon, barakah, scomi, perisai.their times will come but not to soon. as long as cannot secure new contract and still sitting on debt and not able to pay, should avoid first and wait until the path is clearfor a stock to shoot up, fund must see its profit growth prospect, if still not there, it wont move up",-1
"Push, push, push....a bit more, come on... 30 sen almost",1
"Oil price dropped so much yet this is still quite sustainable. Be patient.Dec 2018 results is super good, quite unlikely 2019 Dec can be better. As for Q1, looking at the current oil price will know. Unless unusual one off gain.",1
"Jaks is still an ""up trending"" stock, NO REASON TO CUT LOSS. Base on TA, we cut loss if the stock is ""down trending"" stock. Please read your chart clearly, the share price of Jaks is still very far higher than 70-day SMA.  ""Down trending stock"" - The left hand side is higher than right hand side. ""Up trending stock"" - The right hand side is higher than left hand side. Jaks is still an ""up trending"" stock.  Start of ""up trending"" - The share price breaks 3-month high (I used 70-days SMA for 3 month period). The share price must be higher than 70-day SMA. Presently, the share price of Jaks is higher than 70-day SMA. Hence Jaks is an ""up trending"" stock.  I worked as a Technical chart trainer for 10 years in Malaysia, China and Hong Kong. I conducted training course for students in these 3 countries.  Thank you.",1
"IK, pls buy today. big show come after 430pm",1
wah.. u still stay cool.. boleh tahan..,1
help u abit...so u dont die horribly,-1
months by months get lower n lowest..10cts coming and then consolidate 10 to 1,-1
Come on SAPURA..its already 2020..heading towards vision 2030..so SAPURA must break 30sen..ekekekekeek...Dow Jones already approaching 30000..Bursa Malaysia? bukan 1500 kot..go to 2000 la..Malaysia Boleh..:),-1
"DK66, there are just too many variables for anyone to determine the long term target. People just keep revising the target price from time to time. For now, the target price has already reached. But may revise for higher target price if earning keep increasing. So now can only go sideway, or slightly downside bias",-1
Just keep going down and down. Spinning lotus curse.,-1
Why does Sapura Energy continue falling so badly???,-1
"Morning morning. Aiya, 20sen is more difficult to reach than 30sen",-1
"I have a hunch the price tanked in 2018-2019 was intentional; as the repudiation of contract by Woodside had affected Armada FY2017-2018 earnings causing the price to drop from 90sen to 15sen. Market cap from RM5.3Bil to RM1bil wiping RM4.3bil, putting Armada finances on distress as result of the termination; making Woodside responsible for the direct and indirect losses to Armada.So, price had to stay low during the proceeding. And to be fair to Armada's shareholders, Australian court will have to rule in favor of Armada to restore global confidence for global trading partner in getting into business agreement with Australia as a whole.75sen upon announcement.",-1
hope Jaks will perform well in 2020,1
"If anyone is so confident, buy staggered at every 10 sen interval. Surely you will get your average cost lower and lower.  Dollar-cost averaging is just one of the investing principle. Be flexible, need not follow 100%........",-1
"Ks55..You're not alone. The supporters here blindly support because of Vietnam plant..give themselves a dream. Then attacked people that talked with facts.  They are too arrogant..I believe uncle koon is right. People are too optimistic on his own bought stocks. Bought with dream.  Just dream. The chart once break 1.24 will head to 1.10. plus some of the margin calls, maybe 1.0",-1
"Mudayjaya no sucess due roti canai goverment, Melawar is no capable.  Why i sure JAKS will success in Vietnam? 1) AES are keen to secure more electricity work at vietnam it mean the government got no roti canai until AES loss on first powerplant project.  2) CPECC sure capable to perform well",1
especially after most of his followers made damn good profit in 2019...the money power snowballs,1
God bless malaysia.hope all malaysian will have easy life in the future.,1
Roti canai government is not d problem  The problem is cannot secured predetermined return why go n build d India IPP?  Jgn build d India IPP is an option,-1
"unfortunately, you wish me to state it clear.  malaysia government cancel it due to save cost.  how about vietnam government? will vietname government cancel?  if the project already running in profit, why jaks dint mention?  Uncle koon always right. Making profit consecutive 2 quarters only can consider.  Now jaks have unsold property like Evolve Mall, court case with star. You all just buying a dream that is not realistic.  Even OTB post why he buy Jaks is because of Vietnam Plant. Does it sound like dreaming?",-1
I rather wait than to time armada...,1
"Lose money can always win back, but not easy to regain reputation.",1
Oil should rebound soon.,1
Can buy now,1
Lol wait and watch a war online if u still have internet tiger.,-1
"GLC counter only can judi, others if cutwin, nak masuk balik, rege dah melambung. Averaging pun susah. Kikiki.",-1
"Dont think got war, tomorrow all stocks will go up.",1
"10% discount, 10% discount, 10% discount",1
Dragon..i cakap means i pray it comes down..lama lama i cakap i will get it..like Armada..i cakap it will touch 45sen when it was 55sen..lama lama it almost 45sen already..same like KNM..when it was 46sen.i cakap it will touch 30sen..lama lama it almost 30sen already..but today it climb back to 335sen..but no problem..it will touch 30sen-29sen..:)..same with Index..lama lama it will touch 1500 one..just wait and be PATIENCE..PATIENCE IS VIRTUE..:)..,1
Welcome January..Volatile trade ahead.kkekekeke..hopefully break 1500..kakakakaka.:),1
"Okay la, oil price doesn't crash. No need to worry about the oil counters",1
"Morning morning. Everybody takut because of coronavirus, takut sini takut sana. All the transactions you make is based on your fear. Now overall economy effected, of course gonna be cautious on the shares you pick.Good thing is many share price drop, you could pick the shares that u wan. Why I pick O&G is because oil does not only affect in automobile, it also has effect on manufacturing business.The fact that many countries encourage electric cars do effect on O&G price but there are many sectors still rely on O&G. Difficult to lose in O&G la",1
yumee wait until the end of the world,-1
Sap very heavy to move above 30 sen..,-1
"IK, please buy back your shares before big show come after 430pm",1
Hardly moved. Hang on.,-1
Standby la...wait for what..Too many conman around....,-1
"Waiting for the king maker to make decision lah, kasi goreng this KFC sapura no more energy",-1
"Get ready with your cut loss strategy. Some sifu may want to use local maxima as reference, i.e. 8% off 1.32, that is cut loss at 1.21 Some sifu may want to use purchase price, i.e. 8% off 1.28, so cut loss at 1.18  Some sifu may want to hold until Q1 result, then Q2 result, then after FY result. Cut loss strategy is applicable when needed to suit one's requirement.  If they really have the confidence, need not cut loss. Never heard of dollar-cost averaging? When price fall further, it gives you opportunity to buy more",-1
sell and wait at 0.50,-1
Oil bullish..but Armada not bullish...:),1
Down 6 sen better sell before losing more.,-1
Pak Tua  sudah hantam ka ini Jaks ??,-1
The director will be happy that you are making the forum more interesting,1
many ppl have loss patience on Armada Clair news... start taking profit,-1
wa...sudah break 50sen..0.495..later.. 0.45..then..0.39..hehehehe..go down baby go down..:),-1
Third idss short,-1
standby to see dsonic go 2.0,-1
"Morning morning. Cny rally is here, expect the lowest, 26.5sen and can collect from there. Soon it will break through 30sen :)",1
"IK, u r here so long...if up half sen down 1sen. How the hell, u made so much money less when u sell at 49.5sen?",-1
sure she is.. she dont trade of fear and greed.. only that she havent buy me a coffee for alam maritim buy call at 10c :p,-1
"Chief said low oil price is temporarily, once virus over, price will hike. So just listen to him and give him full support. Anyway, est Jan results is bad. TP18.5.",-1
Arma reminds me of my first night...So difficult to break...I hope she can be broken at 60 this week..That will be lovely...,1
"For sapura, many foreign funds are selling , the malaysian fund the only selling is public bank. Overall, funda are nett seller. Surprise is, asn keep buying small amount buy I supposed they asn should report the trade since they have above 5%",1
Sold some @0.50 and wait for it to go down to 0.45 and masuk balik as pang72 said,1
yes.. agree lotus. tats y i put jackpot price 0.08,1
"Wait until it touches 0.23 then, you sapu la...",-1
Thumbs up !! This shows that the investors ( the sifus ) are very optimistic on Jaks ( No. 1 ranking ) !!,1
"Stock price now is cheaper, can buy and keep",1
".... Tech, plantation, epayment, steel..... Then Oil for next week!!Prepared!",1
now market kena con few times. Smart already.nvr tanks 10-15 sen anymore.,-1
Proceeded without PPA believe it or not??  Koon Mudajaya bikin bisnes mcm ni cannot,-1
sudah crack 50sen..come on Armada..go down to 40sen..:),-1
Armada won't up till Claire case over and positive to Armada,-1
indeed grateful for d info....i just need to know that the STEAM TEST is a success prior to in immerse intention to add further JAKS shares into my portfolio...tq,1
Sapura's good time will come ... bad time shld be over soon ...,1
"Here's what I learn...I buy when it was 35sen. I buy when it drop to 25sen, I buy even more when it drop to 15sen....Because I believe it's worth 75sen.I started counting money above 35sen. When looking back my decision, no regret at all.Just like any other of you, you should buy at any price below fair value, you will not regret. My fair valuation of Armada is PE10 on EPS7.5sen at 75sen.(PE10 is not over priced, It's only ONE THIRD OF YINSON) I already bought all that I could afford at below 35sen, else, I would buy more.For u to buy at 55sen, 50sen or whatever...when it's 75sen. You won't regret. However, what makes u regret is to buy at 55sen and then sell at 52.5sen just bcos the naked boys are having a dance on coconut tree because of temporary dip. Then, u might as well go casino.These naked boys are either IDSS or people that missed the boat.",1
"Hahahaha Icon8888, You put JAKS in your 2020 stocks picked so have you bought back JAKS?",-1
Technically will trigger more selling if unable to sustain 0.26,-1
Absolutely Apan!Please don't fight against the wave...You will perish...Come and join this ship before it's too late...Remember the story of Noah ?,1
weldone all... sap in ranking no.1,1
Another stupid cunt came,-1
"As Mike said it's due to profit taking and short selling..Everything is on the table. Patience is everything. Once the selling stop, there's only one way to go.. Up!",1
Personally feel like armada operators still want to attract more sohai stupid shorties to short,-1
Never thought that Sap eventually became so femes as a 26 cents counter..Amazing isn't it what Karma can do..,1
i think USD 41 end of this year...:),1
I already said lo~ Malaysia is more roti canai than Vietnam. Doubt so much better quit from KLSE market. It was so scary forvyou guys,-1
Many people already standing by without queueing,-1
"IK, please do announcement today. don't wait until tomorrow market close, then only announce you have bought back all your shares",1
"This apanama, like small kid, too free",-1
enjoy...finger licking gooooood... yummyyyy,1
I would hold until it breaks through 30sen and see how is the trend,1
"Some how Armada and KNM is experiencing a retrace right now with no clear good explanation eventhough both Battleships have good fundamental.I believe IK did mentioned that these two battleships are run by the same operators.Based on TA, Both of these two battleships are expected to rebound soon..",1
"Go and watch movie lah.... Let your money works for you If you are deserved to win, you see it a gold mine If you not deserved, there is always a noise telling it is an ass hole.",-1
believe in own analysis is more important than following others..  sifu like OTB and DK66 just provide us more information for our research  Money and decision is in ur hand ..  whether should buy or sell a stock...  We all should be responsible for our own action Tq,1
1.25 where is your support? broke? see you 1.10,-1
Wait next week already la... See if court release verdict or not. Now court on holiday.. Nothing to see,-1
Rebound is going to happen soon . It's oversold,1
"This 0.55 resistance is so hard to break. But once break, it will fly",1
Sell q none can see? Even directors sold why promoters must hide?,-1
"For loser, there is not a price they are willing to pay. When up, say over price. When down, say GG and can get lower. And then repeat. In the end, up also don't buy. Down also don't buy. Just like loser in casino, standing beside talk 3 talk 4. Black jack also win nothing. Blow also lose nothing. Don't know come here do what.At least buy on dip, buy on dip.",-1
KYY says sell.,-1
Up 5 % already ..Good jobs.,1
Fuyo Sapura already 28sen..first day trading 2020..banyak ong..:)..2020..SAPURA can touch 60sen..kekekkeekkekeek..:),1
"No profits. No trend. Wonder how the large institutional funds could buy in. If they are optimistic, they should buy more and push it up.",-1
"Yu and new one of the IDSS.Must pray hard hard it drop...nvm, I already queue to fight with u...Guys if u hv margin, queue gao gao, see the IDSS cuak or not...",-1
Bull  Wat u r saying is totally opposite what Sslee has bin harping on JIC..... gain JIC take loss JAKS take  JIC is less thn 51%,1
"tomorrow all stocks sure go up, if DJIA did not crash tonight …",1
"Get ready to cut loss, that is what I said. What is that to cut loss at 1.25? Belum lagi 8% lah.",-1
Sap also gone gone..,-1
"Today, buy on dip and can SAiLANG...............................",1
Drag lama lama lagi bagus..boleh touch 1366..like previous May 2018..market loss in total 167 point..:),-1
DJIA and major markets possible drop heavily tonight. Futures dropping 300 points as of now.,-1
"So, U were doing Apanama and Tigerball in VIS la...u r angry at Apanama and Tigerball now like how I was annoyed by u at VIS...HahahahhaBut, VIS is 56 now. And let’s hope apanama and Tigerball aren’t right like u were right at VIS....hahahhaU r a funny guy Pang. People cannot do what U do. I think best policy is “don’t do unto other what u don’t want other do to you”",-1
Sometime lagged few days of reaction.Sometime advanced fews day of reaction.,1
"Really stupid. When sapura bankrupt, how the pnb get the money back ? Lu think this ah long money ? When sapura bankrupt, the one whonsuffernare the amanah Sagan holders",-1
I challenge him and I told him that he tells lies here. He just keep quiet and still want to post his article in I3. I try to sort thing out gentlemanly without causing embarrassment to him. He does not seem to behave himself gentlemanly. Thank you,-1
it's okay for noobs like you to be gobbled but unable to strike back. just move on. share is not a game for trash like you,-1
>300 ctrs up today why not Jaks?,-1
Armada sakit perut..dia mau berak bawah 50sen la TAK1..bukan mau stim..:),-1
"acin adik, sini bukan sapura. sini samporna armada.",1
Ait..not even January yet ..FBMKLCI already down...seems like PNB chicken out..people will cash out a lot for ASB..hahaahaha,-1
Everyone's a shark. Either big or small shark only.,-1
This counter always got so much shorties,-1
Go trade else where la IK...,-1
"OTB,DK66,pjseow was well update jaks trend and explained on power plants progress..  so why still have cowards on our head's?? if this knowledgeable and well experience investors very confidence on jaks..  why we still doubt??  https://youtu.be/OsENe5zLrzo  tut tut will stand to hold",-1
Come on SAPURA..20sen..please...if Armada can touch 45sen..why not SAPURA touch 20sen..kekekekk...,-1
come on Armada..break 53sen and break below 50sen..:),1
"I told him not to buy Jaks in 2017 is correct. Listen to me would have saved him at least one hundred million. I refused to recommend Jaks for him in 2017/8, he attacked me continuously non-stop.  Listen to me to buy Jaks in October 2019, he would have made a lot of money. I also believe that the share price of Jaks would have skyrocketed up the roof to the sky.  I am very sincere to help him, I feel very disappointed on this matter. Time will tell who is right. No point argues here.  Thank you.",-1
"Yu_and_Mee wait at 0.49---------------sorchai, if throw until 0.49, means game over already",-1
Buy,1
World oil price drop 5% more!! Oil counter further drop!!,-1
Kakaka. Good to be optimistic. Thumbs up. But I am not that optimistic about sapnrg.,1
Dua-dua pun pengkhianat asal dari UMNO. Mana boleh percaya. Lagi baik takder parti politik.,-1
In this type of market the shorties are all being lined up to be slaughtered....lol,-1
Yea. Today closed green with 0.93% gain. Haha,1
"Huahtai98, agreed. MFCB last qtr result was horrible with a 62% drop in profit yoy and.yet the.share price went.up north breaking record. The markets are looking at the.future earning from the sale of electricity .",1
"Used to bee sifu, turn out to be a promoter. He cannot drive Jaks price to move upwards. He has no financial muscle to do that.",-1
iger Barakah also move up for war who are you to deny destiny,1
What the hell they are arguing actually?? I just know the more they argue they more we loss,-1
>1000 ctrs in mkt Jaks not the cheapest.,-1
Quite unlikely Jan 2020 results is better than last Jan yoy as last Jan is too good.,1
FBMKLCI sure fall down follow Dow Jones..but oil and gas stocks will have some play while the issue still hot..:),-1
Dragon better don writeWrite..full stop..write..full stop.His teacher didnt teach him proper way writing,-1
"My posting address to general public not to a particular target. Some may have make big, if they buy low. Some may be losing a fortune if they buy high.  Those who buy at high price should exercise basic investment principle. Let profit runs, but remain vigilant to preserve your capital, cut loss when necessary.",-1
mabel...respect u for being so calm and gentle...after i abuse u...pls accept my apologies...u must be a real trader...good night,1
macam share too big hard too sell all.. lol,-1
"Ya, sapu la lantai sampai <0.20. Biarkan management cerik....",-1
Apan urine into his car to fuel it during war how dirty u apan only oil stocks will have more value. Want to eat alone only but when fight call the kampung,-1
If who cant see than he should be blind,-1
So powerful until Trump also wanted to go asleep.,-1
"Broking firm has NO SINGLE CLIENT, NO SINGLE STOCK Policy since 1997. I wonder that rule still apply?  How can sifu put all eggs in one basket? You must be insane!",-1
"skyu i have to agree, most clowns here seem to be a bit to free.",1
Goodluck all,1
"Soon fund manager will realize this Jaks gem. If I am KYY, I will sell some Dayang and buy Jaks. Do you think Dayang from RM2.5 to RM5 is easier or Jaks from RM1.25 to RM2.5 is easier. Definitely Jaks is easier.",1
"For the investors who understand why they are investing here, go through the 2 minutes video below to have better understanding and form on your own opinion how fast they will be able to generate power knowing they will be doing steam blow test on 4th Jan.  2 MINUTES VIDEO for you to crack your head: ...................  https://www.youtube.com/watch?v=lh5_7sHyLU4   The power plant consist of:  1) Coal handling section  2) Boiler  3) Turbine  4) Generator  auxiliaries are just circulating water as cooling system on the generator  steam blow test means they are already burning the coal to produce steam and merely bypassing the turbine.  this means section 1 and 2 will be completed by 4th Jan (tomorrow)",1
"Before too seronok with Dow Jones rebound...Be careful..and dont play play..Crude Brent Oil is heading towards USD 44 per barrel while WTI is heading towards USD 42 per barrel..it will effect our MYR. Plus our MYR is also could be hit by Yuan performance also..If China economy badly hit due to the virus, we export palm oil to China and also we have a lot industrial relationship with China. We will badly hit.So Be careful..dont play play..always remember things will get worst first before its getting better. :)",1
"EPF are the shorties, EPF totally manipulating this counter, sell and run...",-1
one day drop 0.005? see u die or not,-1
"After so long still aiyoyo and attack the same sampah short selling retard? Forget the retard la, he knows nothing than a piece of feaces.",-1
All the malaysian more suffer time coming soon.,-1
All time low. The chart has to be rebuild . Low can be lower,-1
oil price drop non stop...,-1
"Debt too much and not equivalent with share market,right issue coming to rise the fund and capital, they need to cone new investor to sustain biz.",-1
"yes, thanks lotus",1
"THIS COMPANY SHOULD STUDY TO FIND OUT WHAT IS CAUSING THE STOCK PRICE TO BE VERY DEADLY STAGNANT, NOT MOVING AT ALL... TOO MANY PLACEMENTS,, AND DEPTHS HAS CAUSED THIS.. THE BEST JOKE IS, THE MANAGEMENT IS DOING NOTHING TO PUT OR ADD VALUE TO THE STOCK.. THEY ARE SLEEPING",-1
"Sold some with big loss , not a good feeling la bro dragon",-1
"This year, there are 3 companies with.investment in power plants which will go into commercial operations .There are mfcb. 80 % owned Don.Sahong , Jaks 30 or 40% owned Hai Dong and YTLP 45% owned Attarac power plants respectively. Don Sahong PP is expected to go commercial in Q 1 while Jaks Hai Dong will go commercial in Q2 and Q3 respectively. The YTLP Attarac PP will go commercial in Q3. The prices of all these 3 stocks had moved up significantly in the last few months in.anticipation.of good earnings from these power plants. Jaks has the most informations from.DK and other Sifus, The.other 2 stocks do not have so much information relatively. It is ironical that the one with the most.objective facts and figures get the most negative hammerings even.though all the 3 stocks have been moving up.since a few.months ago .with mfcb.took the lead followed by.Jaks and then.YTLP. ???????,?????",1
You know what were the promoters posted in HYR on 31 Dec 2017 and some time in that vicinity? No much different from Jaks forum right now. All the promoters in HYR cursing me day and night lah.  Scroll up to read it yourself. And compare with what those promoters wrote in HYR. Any difference? Only difference may be those promoters' pseudo names.  https://klse.i3investor.com/quoteservlet.jsp?sa=ss&q=HENGYUAN,1
"I got new fund ~Cheer~ Waiting to drop ~  You all are keep saying drop~drop~drop~ but never hold JAKS and dump how to drop ? Now drop also no much become consolidated already !! More consolidated more hard to drop, when you guy dump the JAKS share to cheaper ?",-1
"IF > 50%, uncle kyy could have been at PERFECT TIMING 2 yrs ago, just like prosperity began going to YTL n MALAKOFF on the day onwards when both were announced with the awards of the SURE.WIN biz.",-1
"IK,last chance to grab today.",1
Many here said Jaks is IPP. Why Jaks is still under Construction not Utilities sector like MFCB for example?,-1
Tomorrow rebound.,1
"his reason is margin call. His followers all mati.... Hengyuan, sendai, jaks... All forgotten",-1
