processed_text,label
sadly sapura touch sen,-1
macam mau crash kali,-1
tun best olwdythis malaysua fate,1
also lazy research jaks forum take advice tut tut wonder hurmm,-1
morning volume idssset block big big lalater kena wash,-1
dont dispose shares,1
fine say jaks good stock opinion accept telling faked news condemn jaks fair recommend jaks fact figures tell tell lies jaks back statement proof fact figures disagree us good report tell us wrong homework yet simply condemn us fair please irresponsible people talk without fact figures passing sweeping statement convince passing faked news fair readers lost respect person spread faked news want win argument telling faked news good telling lies ask question teach child good value father also telling lies time tell us right believe fair play said enough stop thank,1
mari spinninglotusdia cakap belowboleh p ni,-1
bought hhahahahah like shares,1
think good ideal irresponsible simply make buy call sell call person integrity pls sapura highly manipulated downtrend could still persist much longer humble advice dont makenyourself sound stupid making buy sell call everyday bark like mad dog,-1
wow djia somuch,1
counter wont crash dramatically since there plenty institutional investor everyday high volume price going nowhere needs boost profit announcement soon otherwise operation similar wwf non profit org,1
know serious please dun jus follow others country foodstep others country must stop stop aingaporean come malaysia stop malaysian go sinpare work everyday travel,-1
trump yg terberak takut hilang kerja serang iran armada stim mengila,-1
oil gas counter ie alam perdana dayang etc armada remains despite days dropping rebound,-1
panda need scientisk know use commensense oledy know,-1
enough la go going get new fund already better dont support anymore,-1
mayb operator want shake weak holder accumulate push,-1
hmmi dont think vietnam gov cancel jaks power plant vietnamthe chance minimal chance incur cost operator reduce environment impact instruct gov switch coal gashmmmm,1
would love see queen anne rallyseem ships picking pace qa stil,-1
counter ni kelakar nanti sure jatuh selepas cerita war kat iran stop,-1
ik show courage many shares bought trap,-1
simple declaring dividend even directors andy side bulldoze chinaman agree think get dividend go agm chinaman simply vote andy every chinaman wanted call right issue retaining profit reason provided red chips declaring dividend andy come sifu doesnt know malaysian business played miti shares holder tactic deployed kill jaks unless andy follow game,-1
armada break sen kchansy money buy high sell lowhahahahahah,-1
power grid management planned yearly quarter review many consideration dong one many producers many consumption forecast manage power grid tie plan year highly likely year even though electricity seller ready power grid owner allow tie registration tie grid usually done one year earlier unit seem plan unit try search however find otherwise please advice,1
trapped old,-1
later u one cry kaw kaw,-1
cakap x guna dun said profit b x naik without kyy susah naik big sharks goreng goreng trap newbies,-1
nobody mention much impairment loss weird,-1
big show drop,-1
still lose money share market money eat soon keep money coming time,1
tigeryou cheat newbies,-1
kyy sour grape lah bought jaks last time property issues already existence chose ignore promote kow kow already sold talks talks,-1
stocks also drop also sad stock also dropping unless zero stock attack jaks also help stock go point feel happy afford lose worry still sleep well,-1
catball today u lucky buy back price u short loss transaction fees try next weekjoin naked boys get washed nice ly,1
shark successfully conned small fish buy hope stock fast fast drop shark died,-1
economy might slowed market crash unlikely time lah,-1
test patience,-1
driver price mover go another kyy willing put money buy jaks may jack price never reach insider like merican ever ready dump pocket easy money free shares awarded lousy job kyy willing involved bitter lesson fund managers willing park money jaks investor significance willing bet jaks jaks dingdong lose interest may day share price falls level trigger margin calls pledge securities another kyy making expect support jaks share price margin call coming non stop good learn lesson experienced wc meowmeow sinks one one wc,-1
possible ww mentioned gooshen sellll runaway,-1
many sifus want tell lies come promote favourite stock really sickening say others telling lies lah target profit nringgit ringgit share later turn losing money like people business told keep telling lies entice newbies really lost respect socalled sifu asking people support share already bought cheap dont feel shameful keep telling people gave fake fact whereas write gospel truth feel place hide face enough enough put buy call nothing wrong keep telling people sabotage buy call unbecoming make write think dont owe favour neither owe anything,-1
time like saudi bombing trump follow lindsy law trump want get sacked senate war lindsy wants war time week results outarmada fly year,-1
fed armada,-1
dont la already loss kao kao till,-1
good news shark take opportunity sell limit today,-1
tiger conman detectedmudt listen targrt nvr change,-1
jaks popular pick far outweigh next line,1
loan dgn maybankinterest byr tinggi maybankmaybank owned pnb alsosapura owned pnb tooso untung lor,1
oil price crash crash good us shale industry many days rising normal consolidate bit trump scared war man peace business man weighs profit loss dont see reason us mid east us export oil gas lol,-1
nothing special cny angmoh new year also hardly moved take care,-1
cent half vent,1
mabel sold sap happily bought back plunged safe buy opinion pmmummy waiting ok lets see get haha,1
see u like also tired,-1
buy wait,1
dont surprisearmada touch sen,-1
mamak giv u toxic kfc u eat sure send u hospitalhahahaa,-1
sometimes young ask silly question useful find new knowledge doesnt exist,1
invest b bagus mudajaya start construction signed ppas,1
damnthis like first nightso difficult break,1
planned war right time bad sold monday rm oil hit,1
want buy oilif world war,-1
newbies come question others try find fault dont owe favour likewise owing explanation done homework need scare others say promoters want people camp reinforce belief seek opinion differ talking promoter always think want sabotage position,-1
never bornall problems malaysian poverty existsingaporeans come malaysia work maids factory workersdefinitely better,-1
oh forgetcome sapurasenyou,1
window opportunity buying getting smaller anyone think talk buy cheap need work harder faster power plant begin steam blow tomorrow,1
want show mer hahahacimb also dump sen lacimb lg li haitpsen dumping everything sen tpsenonly know big kong kam ib besince ib say buy sell ib say sell buy clever give tp sen la sen lasen time keep quiet,-1
yes sell thanks waiting sen first phase peace crossed finger,1
letsflyonly price take offbut physical oil stuck strait hormuziran block strait hormuzthey fire fire nato usa,-1
dude nothing oul gas world,-1
another faked news please read link homework yet simply condemn us fair please irresponsible people talk without fact figures passing sweeping statement convince passing faked news fair readers lost respect person spread faked news want win argument telling faked news good telling lies ask question teach children good value father also telling lies,-1
nak naik please drop kao kao,-1
buy,1
putin also give,-1
tomorrow buy dip buy dip,1
jaks pay dividend never directors selfenrichment scheme perhaps like hyr even made ringgit ringgit share think get peanut chinaman jaks vietnam power project chinaman simply ask andy ang go fly kite andy nothing man chinaman history manipulate account cheat malaysian partners jaks exception,-1
drangon buy sap cant even earn lunch,-1
get readystreghten dollar soonwhich effect crude oil priceso armada reach sensensell sell sell,-1
mudajya bought reason sold construction period around roti canai news see vietnam gorvement roti canai happened found uncessful project vietnam main reason government ps recent malaysia government roti canai cant attract investment see vietnam attract investment keep doubt vietnam government better quit malaysia market know roti canai,-1
hope know pangsai conman give unrealistic high tp chase sell proven armada case,-1
dailyklse browith shareholding doung power plant strongly believe cpecc kan cheong jaks n us add together implement hence make project total success,1
come armada sakit perutberak moredown sen,-1
buy wait,1
let know average cost let know expect profit better position advice maximize profit minimize risk tp amateur question want tp tps ranging sen provided share brokers,1
rji never change id lai dont know youmaybe multiple iddont slander people forecast salah especially armadahehhehehebe honest lai waiting sen senthen see lamaybe senwho knowsbutat least promote stocks like youkeep asking people buy eventhough price already high,-1
come sapurago sen,-1
jaks minority shareholders jaks share price po po kow seng,-1
need focus battle sapura still stuck,-1
break look volume high also,-1
mampu,-1
virus flu plus hinioutbreak bring violality,-1
dragondow jones industrial average loss almost points evening lordont play playlike saidsars benchmarkmarket loss lot lorso dont play play virus,-1
stupid shark still want play around,-1
ik please buy regret tomorrow,1
speechless accidentally sold bought back k shares,1
epf dont much money month support market epf pay dividend market,-1
shorties u die badly war,-1
love kcchongnz preaches margin safety fcf profit margin credibility trustworthiness directors major shareholders financial strength major shareholders need explain margin safety jaks analyse come conclusion fcf jaks generates cash flow operating units jaks provide cash flow daily operation include millions paid directors every year kcchong definitely good one look jaks account walk away profit margin main revenue sources gross profit total revenue kcchongnz quoted many times walk away sin die course receivables credibility trustworthiness principal officer managing jaks paying attention given millions share option esos tens millions free shares addition millions directors fees help jaks make hundreds million profit every year like genting fair enough rewarded accordingly evolve mall dead pacific star able deliver vp compensation paid star vietnam project yet bring single sen profit already think deserves share given free thick skin demand free shares company management still suffer losses due incompetency strong major share holders term financial strength read list major share holder know strong wc meowmeow group could reason hard demand free shares expense minority share holders vietnam power project really making big money later wont surprised find ways means enrich pass left,-1
kcchong expressed interest jaks trading rm dont everyday kcchong kcchong hardly know man,-1
market interest end februaryvolatility good capital marketall best market warrior,1
dont fear monitor closely decide,1
groups firm orderbook end third quarter approximatelyrm billion additional optional extensions rm billion,1
rm today must cheat demusangking yes buy haha,-1
losers drop bit shout attack drop shout attack bit shout attack lot suddenly become diam diam cycle repeats againi reckon jaks rm also losers thing,-1
kyy lost lot jaks true buying become poor,-1
dont hope la sentak sayang duit kamau burn finger buy la sen,-1
dishonest answer wonder drop sen like ph dishonesty win ge dk believe way round much star owes jaks,-1
hello happy new year old friends still even buy money gets transferred bad missed sone thing see consistently bugging perception prices brought intentionally even analyst called kitchen sinking makes perfect sense insiders thought let panic sellers give us shares half price decision would strongly suggest much hope reversing charge sell itemsassets value watch drop price satisfaction get shares contrary got sooner later reality sets,-1
furthermore many still sceptical jaks power plant venture latest photos hopefully convinced,-1
dropping reason,-1
totally agree pang rm fact rm still undervaluearmada earnings revenue far superior yinson thus armada continue undervalue improving prospect coming,1
buy ipp qr wait,1
kasih jackpotprice,1
someone keep selling block price,-1
everyone hoping drops accumulate many hidden buyers behind believe,1
lets see breach next week,1
move underwear oil n gassuper rallyuncle yy dayang beat enemy jaks soonest hundreds small kids attacked old masterresults reveal oil n gas,-1
buy buy buy buy wait,1
ik mil shares almost half whole day trading volume mil plus mil idss mil shares wow mil shares trade public bravo ik,1
tiger conmandont dream,-1
deal done must seller think price may fall must also buyer think share price may move powerful operator newton law gravity may apply short period time like powerful rocket propel space craft moon japanese candle stick cheat volume may better indication fred thams tvva momentum play day trader may effective days chart,1
jaks really good already break ytds highwhy yesterday people still take profit today sell,-1
go sapura gosen,1
greedy jaks cent daily year end,1
ok support buy queriding th wave,1
buy wait,1
mau short cents tikam angin ka old shark salah short price ka,-1
kcchongnz name quoted ks dont recall kcchongnz making negative remarks jaks,-1
gemfinder last year fund manager select dayang many chose cimb maybank tenaga fact ibs gave tgt price less rm end dayang closing price onst dec five bagger youcompared dayangprice nd jan ib stupids returns cimb maybank tenaga,-1
get ready cut loss strategy sifu may want use local maxima reference ie cut loss sifu may want use purchase price ie cut loss present price triggered cut loss win big lose small safe protect capital first priority already retired near retiring x x,-1
big show coming,-1
jaks faster drop hibiscs already break even going sale anytime change universe miss jaks hope guy keep saying bad jaks please bring lower,-1
armada sen p,-1
even break cents lousy pbn,1
price definitely super undervalued compared yinson pe yinson got rm share pe almost armada price even got pe ridiculous,-1
u see epf disposed market absorbs epf buys back idss subside price rocket,1
pangsai conman,-1
sapnrg collapsed spinning curse really accurate,-1
drop sure sailang bullet,-1
really rubbish stock contract fundamental still intact shares issue much director paid high,-1
morning morning counter related umno go upprime minister mahathir mohamad looks set replace malaysias ruling pact wider coalition include opposition parties umno parti islam semalaysia pas could leave pakatan harapan ph allies voted government last general election political sources sayit understood tun dr mahathir corralled support majority lawmakers parliament flurry party meetings yesterday yet receive nod malaysias king sultan abdullah riayatuddin engineer new socalled backdoor governmentthe move successful thwart succession plans parti keadilan rakyat pkr president anwar ibrahim meant take dr mahathir prime minister agreement ph parties,1
blow job mean,-1
cpecc reliable ipp success become new normal got b something spectacular,1
mau tengok celaka long de shit spinninglotus dogeatshit,-1
tun announce stimulus economy package thmeow,1
walao hell breaks loose everything falling crude oil price n global equities nonstop selloff eye see already,-1
go read meaning fact tell fact figures fact jaks losing money fact already verified fact figure speculation feel good syioksyiok,-1
producer naik apanama macam ni,-1
singapire big trouble wuhan virus starting lose controlmalaysia goverment still dun want stop worker singapre everyday stop sinpaporean come malaysia,-1
wah lau dont play play oh,-1
scold shark stupid want sell push like also consider type shark gui ren,1
think eat much maggi mee much dangerous wuhanviresdie faster,-1
market loss th may th may points happen current political drama happen market potential touch heheehemalaysia,1
haiz perform worse airasia although airasia fresh scandal seems like company really bad fundamental,-1
cut loss jakshaha must kidding,-1
dear ks law present looking backward examine forward worry future need free resentment past worrisome future order capture opportunity present point keeps dwelling sorrowful past fearful future need live present present fact figures tell past record jaks awful near future duong power plant bright otb dk others forum promote jaks sailang margin finance likes promoted everyone forum welcome digest whatever information forum make intelligent inform decision want wait clarity one force buy wait till end year know exactly much profit dividend distribution duong power plant still convince wait jaks declared dividend shareholders buy jaks free world free make choice thank,1
slowquite radical turn billion behemoth profitablei like part sacked sme increase operating efficiency krakenthats garbage policy sapura exercise degree meritocracyregret didnt buy dsonic plagued zahid bribery scandalsdsonic legit gov service provider corrupted official come ask bride bolehland isnt fault bottom line look company thats plagued bad sentiments without operational material difficulty,-1
wondering love pouring cold water see people lose suffer shiok eh,-1
invinciblemaybe u still youngdo play fun corona viruspeople sufferingtq,-1
buy,1
thing price n,1
mudajaya business sense sarifah even speculate element scam,-1
willing lets take look jaks given option acquire additional haiduong power station making significant partner dateline year cod cost rmm another juicy part contract frequently talk yet given projected cashflow sufficient acquisitionit brainer jaks make acquisition think sooner laterprobably btw jaks board seats rep cpecc board seat first year impact net profit full production stake rm million eps base target price jaks rm net profit full production stake rm million eps base target price jaks rm haiduong plant fully operational nd half jaks acquired stake suspect pe go well anyone free debates numbers fact better still provides rational data pls good spirit,1
sen friday downtrend otb jaks still trending stock reason cut loss base ta cut loss stock trending stock,1
wow oils shoot,1
ciaksai normal human feel shame attack people stock market like people lose money laugh bad heart hence well investment klse god bless type people wait see consequence,-1
oil wow,1
wow buy,1
never know next u see armada break,1
want cny angpowgo grab emico tomorrow least sen gain hope years sen gain,1
fed back already week armada operator thing n,-1
price next minute hour days cant tellprice month time q almost certain high todaymatch buysell decision base preferred holding period youre day trader trading volatility buy sell make sense depending speculation hold couple month buy seems make sense,1
happy new year motto remainsrelax keep calm continue buying temporal dips,1
lotus info share lerrrr save ppl good,1
looks like idss focus royal fortune icon today climbs already senmore black pearl armada course queen anne sapnrgmeow,1
r join drama show tell one r true hero,-1
annemummy waiting remember mummy saiddont talk strangersee soon,-1
wow amazing damn hot man armada today happendnow armada already traded today probably close keep armada huat ah heng ah ong ah,1
close next week starts accumulating,1
rocket missing,-1
crude oil price keep dropping europe equities bloodbath us dow jones futures drop pts already,-1
klci lausai pts last day st day trading dont know lor,-1
sapnrg pushing already hope kept shares intact wahaha cny dinner coming soon,1
oil trade downward stay low month,-1
morning morning goes come economic slow due coronavirus outbreak eventually go,-1
everyday shpok annie say big show pm show till already week dont believe shpok annie anymore sell mil shares price really got buy back,-1
buy wait,1
needs month already today,1
sailang sailang,1
idss play quite risky game cant cover timethey lose lotidss feed momentary fear investor feed business value kong kam buy high sell low also make chicken feed,-1
whether tp c tomorrow next week problemjanji reach rm soon,1
upward swing factor osv utilizationpetronas significantly bumped upstream capex demand osv h think armada benefit tremendously utilization likely end year armada realize full cashflow generation potential pare debtalso there short term liquidity pressure armada whole basis think downside risk limited upside potential huge especially potential claire award incomingbuy hold sit tight bumpy may enjoy ride,1
u guys sensen go missing kena tsunami sapu naik pokok kelapa,-1
rj shaky already like kychanheehall promote people buy senand still promote buy epf dumping stocksdahlahdont ask people keep quiet pandai,-1
mudajaya also ipp cheap,1
positive next quarter still bleeding like hellomfg,-1
many counter invest screw,-1
dk answer first much jaks owe star honest,1
oil bearish unless another missile strike else wait marc lo,-1
cut loss stratergy cut loss company change bad future la hibiscs going turn green lo follow loss kuat kuat super bright future jaks must hold,1
ppl stuck long time huge losses lack confident scared buying normal situation like spinin sap high promoted buy called consider lower confident said might going bankrupt,-1
cents coming soon,1
spin said afraid bankruptcy obviously sap restructured works smoothly,1
brent oil got full confidence armada,1
us futures loss lot morningcrude oil alsomalaysia political dramaperghmonday blues today,-1
operator fishing shorties short,-1
came back dalat vietnam experienced power blackout vietnam needs electricity jaks treat well authority,-1
sell,-1
good sign good sign strong faith miss jaks believe perform well onwards despite bomb dropped kyy cheers,1
sell ur jaks switch kronob u regret,-1
whats wrong cut paste interested see posted dec want influence write speak mind form opinion got interested jaks read jaks withdrawing appeal prepared pay penalty million star,-1
base data reach lor,1
let see whether low rm sustained,-1
lelong day making,1
calvin kor kor,1
u indeed talented short seller player maybe tomorrow,-1
follower forum bought good exercise cut loss strategy referring bought sen surely laughing way bank selling one bought cushion bought price much lower preserve capital still want relevant stock market,-1
cayalah sapura go sapura goall way senboleh makan kentuckymcdkenny rogerssemua hentam,1
many many good counter buy instead sapu la la,1
believe companys turnaround stories patience often prevailsand us longer term armadians counting money many month red tanked c,1
bother noob stop asking stupid dumbass question go family instead waste time developing garbage dont hold need yo bother,-1
sigh still learn,-1
yes never follow old sifu ask soldier person war zone stick one methods soldier obey general order position destroyed whole army answer yes never use old methods cutlost coward play trade earn loser like fight retreat thats paktua view personally still respect method apply style want long comfortable tut tut stick style play methods,-1
look dayang counter going sapura sleeping cause management also sleeping much also good news still counter move something wrong telling truth debts debts high cause counter move waste time n money counter many better ones bursa,-1
lol sure go even also good buy lar really talk cork king,1
ex umno x der integrity penipu senyum kambing bodoh,-1
take care position first afford lose stock market anyway k hold big deal roi portfolio used profit buy jaks add position today ask ciaksai good stock buy none know write proper recommendation report know read ta fa report ciaksai good good ciaksai attack writer stock market,1
dammnnn back better take profit cut win st,-1
oil gas counter rebound except sapura,1
market funny placethey like think know thing others dont knowthen buy suddenly surge volume price movementeven though news movement happy buy believing something brewing blardy chart show monkey pattern theremikekim shares fundamentals company sen price went market think mikekim wrong price market think overpricedwhen fye annualised earnings sen whats overprice pe rather buy something trading pe want believe company buy double digit growth even became fcking elephant pe market think thats double digit growth easy come smtgthe market really treat bourse like online casino today buy big buy small,1
yumee habis habis yumee yumee buy high sell low hahaha habis yumee,-1
dragoni like youpositive thinkerbutcoronavirus dangerous lordont play playmaybank cimb chart also negative lorcan test power maybank cimbdont play play dragonyou tonne money u x scared lai little onlybetter scared wait fbmklci,-1
sapura energy price dropwall paper,-1
dont smarter rest disciplined rest warren buffett believe hence lose big money always cut loss protect capital thank,1
skill dont trade laeat shit lorrrr,-1
boring counter,-1
fruit broi got ski got little luck last year year sink sure,-1
january volatile tradeget readyall besti think game market fall badly chinese new year rally,-1
apanama ur sen basisthats purely baselessif armada trade sen yinson trade rm ur sapura close shop alreadykakakaka,-1
still stuck sen still got hope,-1
cny coming counter slow much momentum movingggg,-1
today even worst volume,-1
yelling nothing today jaks drop cent normal almost watch list naysayers please help bring jaks price abnormal got nothing support said hard,-1
nothing worry epidemic subside month antidote found avoid nonvegetarian food take pepper basil leaves daily,1
dk pjseow icon probability worry let attackers want time tell right point argue done best help sincerely honestly well last year especially stock investment believe good karma thank,1
iraq got issue thats refinery stopped fight yet,-1
apan oil price level sell car got armada shares sad,-1
sifus contractor involve law suit considered good got hear gamuda ijm etc involve law suit vietnam govn try sue jaks ipp construction delay possible,-1
early predict jackpot price,-1
ik dont miss chance please announcement bought since sold alot,1
actually month possible test downtrend yoyo pattern longer term continue uptrend earn show increase pattern,1
bought back jaks even though put portfolio real life portfolio slightly different competition portfolio one real money protection capital important one win risk acceptable example real life portfolio almost alliance bank competition portfolio put think sexy deliver killer punch,-1
someone pls send coronavirus parliament hse send despicable moron politicians hell think self interest principal hahaha,-1
wait babi get swine flu firstthen u sell,-1
think hold becoz good result past quartertigerball share us think armada perform better decline there point toxic towards investor market purpose make money,1
chow pi masteryou starting misbehavenow wife fakk offhundreds billions losses defended matter look itjust fakk,-1
today never talk short selling sapura energybut asked sell technical rebound exitthis technical rebound real crashtarget price cents still remains,1
br vietnam plant record report ans malaysia also cancel projects still say vietnam project retailers jaks buying dream dream like hengyuan masteel trx,-1
blow till longer get particle coming lines ensure put steam via turbine later longer particles high velocity line cause damage turbines,-1
however caught watching alam panda recommend around cat last manage buy tickets yday another turnaround company,-1
learn something priceless gain experience crisis ncovbrend wti drop also brexitmaybe jones make major correction sell k point effect asian country may klse also going crash soon maybe get ready buy bottom sapura energy ct,1
hahaha member degree dlm bluffalogy bersama keluar untunguntung berita trap greedy newbieswakakaka,-1
omg war erupt us iran equity sure drop u biu oil commodity oil stock,-1
millions fund fund manager ready get jaks next week,1
ik may sold armada shares silent whole morning,-1
im graduate easy life retired early,1
mega sales armada bro mikekim,1
slooooow death worry rebound books start show profit low debts,1
cny angpao big ok next year wan big one sapulah xd,1
honestly saying waste time money counter management purposely many placements push counter lower cause easily business overseas people see even goood news also push counter consolidating business please take note guys,-1
annie say accidentally sold buy back sen already bought back senif everybody huat except idss morningif sen idss hv absorb k losses,1
quality certain character really make sick wondering going teach child good values,-1
stocks push later due influenza aheheeheehno vaccine,-1
seems like armada operator wants press price,-1
thanks edkfc kind investor want jaks look businessto really mean business sense,1
today break c track c,1
hahahaha pjseow someone say sell two quarter reduce earn find another target take pinch salt sell sell need,-1
doubt break today,-1
jaks downtrend looks like kyy beat otb moment,-1
counter really interest low always around area buy sell buy sell hahaha,1
stay tunedidss scared shitless,-1
ba keeping armada constructor installers deployment till next quarter report,1
come armada go sen sen,1
sen already generous,1
today idss die also hv block sen hope buy wont sell idss run juice,-1
africa also got swine feverbumi armada exposure africaso armada share come,-1
mabelsteadybrent oil rocket usd matter armada break c,1
tomorrow senbe bravehehe,1
uhhh heck happened sapura oh sapura hold u long long everyday u let let ur self learn armada,-1
omgwhat falling knife,-1
still laughing way bank loss cut lah never think cut loss loss yet thank,-1
global impact virus outbreak know second quarter report dont hold breath early recovery majority counter red bursa sleeping long time perhaps till november,1
morning morning dow jones alright meaning klse wont drop points la,1
bloodbath everywhere heart attack many ppl ended hospital icu,-1
day cut lost wait buy cheap,1
old men fight one buy call one sell call dont know misled people set agreement lost fight must withdraw world stock market investment stop posting blog,-1
beside og counter gold counter bahvest today check emico poised rally day make today never,1
called technical rebound bro dont play la u sure u know chatty,-1
present forum best support jaks thank coming spend time,1
muahahaa pawned,-1
naysayers respectable tell fact truths lie misrepresent intentionally liars simple,-1
base target price jaks rm wo like,1
become real guy man,1
dearest sarifahselinder mfcb owned foreign biz jaks onli even like politics anything less golden share anything happen bring sexist wife money chinaman fun w forever super high jaks soli please forgive bcos many r putting hard earn money investment lets holds barred never scold curse anybody w commentsopinions nobody perfect except,1
still watching shares hehehe,-1
u connumber shares increase times price maintain cents since right issues,1
yet jackpot price,-1
lng price today,-1
dk yes base public invest report dated donsahong power plant sell mw electricity laos government earn approximately rm million q test run making revenue dong start generating electricity also make test runmoney electricity sold,1
lost value shareholders yet get highly paid enron,-1
buy wait,1
somebody vested interest write bias need explain need say paint picture entirety truth truth suppression truth even parts id fatal prosecution case telling truth whole truth nothing truth make effort drain integrity questionable,-1
coz dont know read chart baca salahkah kah kah,-1
sap attractive,1
sk mo news seems like maybe drilling postponed due internal issue omv,-1
aiyoyoyo timpat dali lulu smpai sikalang spiningtaik aajagah aiyoyoyoyi,-1
apanama u wan na change id many time sen sen change one timesen change another timesen change another tomewait becomes sen support u change another time,-1
jokers praying klci go praying sapnrg,-1
course oil prices plunge bad,-1
worry low price company turnaround good profit price keep going,1
sell dayang buy jaks sell jaks buy dayang decide buy lor sell u,-1
haha im waiting jackpot price long long long la,1
kn tell full story also use proverb wrong context represent patience look longer term thr moral story tell peoples dont upset temporary setback rather prepare longer term gain jaks good long term prospect years good annual return selling jaks cut loss behaving like short term like keep jaks dont worry future earnings,1
kasi tech kitaorang la newhorizon putty mau hantam mau kasi hantam pecah lantai ka,-1
pang look cent profit thought u blow said go oh blow lol,-1
seems like real crash onwards never rebound market index stock crazy crash vs,-1
cheap every quarter also red low oil price hope bad management turn around right issues soon drop like shit,-1
know dk need money survive enough money hence retired early also enough money retire life want contribute knowledge believe good karma believe us thank,1
dont forget og company worst case scenario price would sen,-1
ni tua takut jaks overtake dayang,-1
share market going half death lol,-1
ks already made know cost tp nevermind unwilling reveal tp,-1
sound like good deal,1
profitable business trade sen ur sapura day day lose money one close shopu agree u sold ur sapura join armada better,1
wakakakakakakakaakalong de shit short morning mau talk talk short selling ka kena taik duduk diam diam ka kepala benam masuk loji taikarmada also short morning kah kah kah,-1
waterfall otw,-1
never say kcchongnz commented jaks forum read carefully love kcchongnz preaches margin safety fcf profit margin,1
haha apanama hope u serious statement want buy oil world war base historical wars oil price take war hit,1
tun tua must deny,-1
bought ambank maybank public bank unit trusts last year quite dissapointment returns low singledigit sold unit trusts opinion top stock picks competition better institution investor top last year stockpicks produce excellent doubledigits returns think institutions beat view dissappointing klse index year end closing investor iare worried ib choose jaks well dont choosedayangand mfcb stocks produced excellent results,1
armadas year shine,1
spinin sapulala sap going bankrupt,-1
hope learn precious lesson beware skl like pang ik always shout sure go sure go bla bla bla want chase high sellnow even ask buy ask chase certify conman,-1
many ppl taking profit today tomorrow open high let see,1
everyday many promoters talking yet youll stop talking jaks drop,-1
dragon macam dap jugaego ja lebihdia sorang ja bagusbila betuldia kata terrorbila betultak mau credit kat oranghentam lagisebijik perangai lim guan engsudahlah dragonitulah asyik gelak kat hentam oranglain kali padilagi berilmu tundukbukannya egosudah muak tengok lu hentam spinninglotus appreciate people viewsyang u tau diversionsebijik perangai lim guan eng daplu dap kotkekekekeke,-1
bad play counter positive company bad counter,-1
cheapskate operator,-1
today star online headlinepm im ready step downso market ladont long la coming,-1
dear xiaoqing please enlighten relationship news posted related jaks dont see effect thank,1
coronavirus increase sapura dropping coronavirus stable reduce confirmed suspect cases sapura continue dropping issue sapurabuy sapura like putting money fd,-1
good la good la got ppls eat dont mind got cheaper janji untung,1
og rises lot left debt burden yet restructure like icon barakah scomi perisaitheir times come soon long secure new contract still sitting debt able pay avoid first wait path clearfor stock shoot fund must see profit growth prospect still wont move,-1
push push pusha bit come sen almost,1
oil price dropped much yet still quite sustainable patientdec results super good quite unlikely dec better q looking current oil price know unless unusual one gain,1
jaks still trending stock reason cut loss base ta cut loss stock trending stock please read chart clearly share price jaks still far high day sma trending stock left hand side high right hand side trending stock right hand side high left hand side jaks still trending stock start trending share price breaks month high used days sma month period share price must high day sma presently share price jaks high day sma hence jaks trending stock worked technical chart trainer year malaysia china hong kong conduct training course students country thank,1
ik pls buy today big show come pm,1
wah u still stay cool tahan,1
help u abitso u dont die horribly,-1
month month get lower n lowestcts coming consolidate,-1
come sapuraits already head towards vision sapura must break senekekekekeekdow jones already approach bursa malaysia kotgo lamalaysia,-1
dk many variables anyone determine long term target people keep revise target price time time target price already reach may revise high target price earn keep increase go sideway slightly downside bias,-1
keep going spinning lotus curse,-1
sapura energy continue falling badly,-1
morning morning aiya sen difficult reach sen,-1
hunch price tanked intentional repudiation contract woodside affected armada fy earnings cause price drop sen sen market cap rmbil rmbil wiping rmbil putting armada finances distress result termination making woodside responsible direct indirect losses armadaso price stay low proceed fair armadas shareholders australian court rule favor armada restore global confidence global trading partner getting business agreement australia wholesen upon announcement,-1
hope jaks perform well,1
anyone confident buy staggered every sen interval surely get average cost lower lower dollarcost averaging one invest principle flexible need follow,-1
ksyoure alone supporters blindly support vietnam plantgive dream attacked people talked fact arroganti believe uncle koon right people optimistic bought stocks bought dream dream chart break head plus margin calls maybe,-1
mudayjaya sucess due roti canai goverment melawar capable sure jaks success vietnam aes keen secure electricity work vietnam mean government got roti canai aes loss first powerplant project cpecc sure capable perform well,1
especially follower made damn good profit money power snowball,1
god bless malaysiahope malaysian easy life future,1
roti canai government problem problem secured predetermined return go n build india ipp jgn build india ipp option,-1
unfortunately wish state clear malaysia government cancel due save cost vietnam government vietname government cancel project already running profit jaks dint mention uncle koon always right making profit consecutive quarters consider jaks unsold property like evolve mall court case star buying dream realistic even otb post buy jaks vietnam plant sound like dream,-1
rather wait time armada,1
lose money always win back easy regain reputation,1
oil rebound soon,1
buy,1
lol wait watch war online u still internet tiger,-1
glc counter judi others cutwin nak masuk balik rege dah melambung averaging susah kikiki,-1
dont think got war tomorrow stocks go,1
discount discount discount,1
dragoni cakap means pray comes downlama lama cakap get itlike armadai cakap touch sen senlama lama almost sen alreadysame like knmwhen seni cakap touch senlama lama almost sen alreadybut today climb back senbut problemit touch sensensame indexlama lama touch onejust wait patiencepatience virtue,1
welcome januaryvolatile trade aheadkkekekekehopefully break kakakakaka,1
okay la oil price doesnt crash need worry oil counter,1
morning morning everybody takut coronavirus takut takut transactions make base fear overall economy effected course gon na cautious shares pickgood thing many share price drop could pick shares u wan pick og oil affect automobile also effect manufacturing businessthe fact many country encourage electric cars effect og price many sector still rely og difficult lose og la,1
yumee wait end world,-1
sap heavy move sen,-1
ik please buy back shares big show come pm,1
hardly moved hang,-1
standby lawait whattoo many conman around,-1
waiting king maker make decision lah kasi goreng kfc sapura energy,-1
get ready cut loss strategy sifu may want use local maxima reference ie cut loss sifu may want use purchase price ie cut loss sifu may want hold q result q result fy result cut loss strategy applicable needed suit ones requirement really confidence need cut loss never heard dollarcost averaging price fall gives opportunity buy,-1
sell wait,-1
oil bullishbut armada bullish,1
sen better sell losing,-1
pak tua hantam ka jaks,-1
director happy making forum interest,1
many ppl loss patience armada clair news start taking profit,-1
wasudah break senlater thenhehehehego baby go,-1
third idss short,-1
standby see dsonic go,-1
morning morning cny rally expect low sen collect soon break sen,1
ik u r longif half sen sen hell u made much money less u sell sen,-1
sure dont trade fear greed havent buy coffee alam maritim buy call c p,-1
chief said low oil price temporarily virus price hike listen give full support anyway est jan results bad tp,-1
arma reminds first nightso difficult breaki hope broken weekthat lovely,1
sapura many foreign funds selling malaysian fund selling public bank overall funda nett seller surprise asn keep buying small amount buy supposed asn report trade since,1
sold wait go masuk balik pang said,1
yes agree lotus tats put jackpot price,1
wait touch sapu la,-1
thumb show investor sifus optimistic jaks ranking,1
stock price cheaper buy keep,1
tech plantation epayment steel oil next weekprepared,1
market kena con times smart alreadynvr tanks sen anymore,-1
proceed without ppa believe koon mudajaya bikin bisnes mcm ni,-1
crack sencome armadago sen,-1
armada wont till claire case positive armada,-1
indeed grateful infoi need know steam test success prior immerse intention add jaks shares portfoliotq,1
sapuras good time come bad time shld soon,1
heres learni buy sen buy drop sen buy even drop senbecause believe worth seni started counting money sen looking back decision regret alljust like buy price fair value regret fair valuation armada pe epssen senpe priced one third yinson already bought could afford sen else would buy morefor u buy sen sen whateverwhen sen wont regret however makes u regret buy sen sell sen bcos naked boys dance coconut tree temporary dip u might well go casinothese naked boys either idss people missed boat,1
hahahaha icon put jaks stocks picked bought back jaks,-1
technically trigger selling unable sustain,-1
absolutely apanplease dont fight waveyou perishcome join ship lateremember story noah,1
weldone sap ranking,1
another stupid cunt came,-1
mike said due profit taking short sellingeverything table patience everything selling stop there one way go,1
personally feel like armada operators still want attract sohai stupid shorties short,-1
never thought sap eventually became femes cents counteramazing isnt karma,1
think usd end year,1
already said lo malaysia roti canai vietnam doubt much better quit klse market scary forvyou guys,-1
many people already standing without queueing,-1
ik please announcement today dont wait tomorrow market close announce bought back shares,1
apanama like small kid free,-1
enjoyfinger licking gooooood yummyyyy,1
would hold breaks sen see trend,1
armada knm experiencing retrace right clear good explanation eventhough battleship good fundamentali believe ik mentioned two battleship run operatorsbased ta two battleship expect rebound soon,1
go watch movie lah let money works deserved win see gold mine deserved always noise telling ass hole,-1
believe analysis important follow others sifu like otb dk provide us information research money decision ur hand whether buy sell stock responsible action tq,1
support broke see,-1
wait next week already la see court release verdict court holiday nothing see,-1
rebound going happen soon oversold,1
resistance hard break break fly,1
sell q none see even directors sold promoter must hide,-1
loser price willing pay say price say gg get lower repeat end also dont buy also dont buy like loser casino standing beside talk talk black jack also win nothing blow also lose nothing dont know come whatat least buy dip buy dip,-1
kyy says sell,-1
already good jobs,1
fuyo sapura already senfirst day trading ongsapura touch senkekekkeekkekeek,1
profit trend wonder large institutional funds could buy optimistic buy push,-1
yu new one idssmust pray hard hard dropnvm already queue fight uguys u hv margin queue gao gao see idss cuak,-1
bull wat u r saying totally opposite sslee bin harping jic gain jic take loss jaks take jic less thn,1
tomorrow stocks sure go djia crash tonight,1
get ready cut loss said cut loss lah,-1
sap also gone gone,-1
today buy dip sailang,1
drag lama lama bagusboleh touch like previous may market loss total point,-1
djia major markets possible drop heavily tonight futures dropping points,-1
u apanama tigerball vis lau r angry apanama tigerball like annoyed u vishahahahhabut vis lets hope apanama tigerball arent right like u right vishahahhau r funny guy pang people u think best policy dont unto u dont want,-1
sometime lagged days reactionsometime advanced fews day reaction,1
really stupid sapura bankrupt pnb get money back lu think ah long money sapura bankrupt one whonsuffernare amanah sagan holders,-1
challenge told tells lies keep quiet still want post article try sort thing gentlemanly without cause embarrassment seem behave gentlemanly thank,-1
okay noobs like gobbled unable strike back move share game trash like,-1
ctrs today jaks,-1
armada sakit perutdia mau berak sen la takbukan mau stim,-1
acin adik sapura samporna armada,1
aitnot even january yet fbmklci already downseems like pnb chicken outpeople cash lot asbhahaahaha,-1
everyones shark either big small shark,-1
counter always got much shorties,-1
go trade else la ik,-1
otbdkpjseow well update jaks trend explained power plants progress still cowards head knowledgeable well experience investor confidence jaks still doubt tut tut stand hold,-1
come sapurasenpleaseif armada touch senwhy sapura touch senkekekekk,-1
come armadabreak sen break sen,1
told buy jaks correct listen would saved least one hundred million refuse recommend jaks attacked continuously nonstop listen buy jaks october would made lot money also believe share price jaks would skyrocketed roof sky sincere help feel disappointed matter time tell right point argues thank,-1
yuandmee wait sorchai throw means game already,-1
buy,1
world oil price drop oil counter drop,-1
kakaka good optimistic thumb optimistic sapnrg,1
duadua pengkhianat asal umno percaya baik takder parti politik,-1
type market shorties lined slaughteredlol,-1
yea today close green gain haha,1
huahtai agreed mfcb last qtr result horrible drop profit yoy andyet theshare price wentup north breaking record markets looking thefuture earn sale electricity,1
used bee sifu turn promoter drive jaks price move upwards financial muscle,-1
iger barakah also move war deny destiny,1
hell arguing actually know argue loss,-1
ctrs mkt jaks cheapest,-1
quite unlikely jan results better last jan yoy last jan good,1
fbmklci sure fall follow dow jonesbut oil gas stocks play issue still hot,-1
dragon better writewritefull stopwritefull stophis teacher didnt teach proper way write,-1
posting address general public particular target may make big buy low may losing fortune buy high buy high price exercise basic investment principle let profit runs remain vigilant preserve capital cut loss necessary,-1
mabelrespect u calm gentleafter abuse upls accept apologiesu must real tradergood night,1
macam share big hard sell lol,-1
sapu la lantai biarkan management cerik,-1
apan urine car fuel war dirty u apan oil stocks value want eat alone fight call kampung,-1
cant see blind,-1
powerful trump also wanted go asleep,-1
broking firm single client single stock policy since wonder rule still apply sifu put eggs one basket must insane,-1
skyu agree clown seem bit free,1
goodluck,1
soon fund manager realize jaks gem kyy sell dayang buy jaks think dayang rm rm easier jaks rm rm easier definitely jaks easier,1
investor understand invest go minutes video better understanding form opinion fast able generate power knowing steam blow test th jan minutes video crack head power plant consist coal handling section boiler turbine generator auxiliaries circulating water cool system generator steam blow test means already burning coal produce steam merely bypassing turbine means section complete th jan tomorrow,1
seronok dow jones reboundbe carefuland dont play playcrude brent oil head towards usd barrel wti head towards usd barrelit effect myr plus myr also could hit yuan performance alsoif china economy badly hit due virus export palm oil china also lot industrial relationship china badly hitso carefuldont play playalways remember thing get worst first getting better,1
epf shorties epf totally manipulating counter sell run,-1
one day drop see u die,-1
long still aiyoyo attack sampah short selling retard forget retard la knows nothing piece feaces,-1
malaysian suffer time coming soon,-1
time low chart rebuild low lower,-1
oil price drop non stop,-1
debt much equivalent share marketright issue coming rise fund capital need cone new investor sustain biz,-1
yes thanks lotus,1
company study find cause stock price deadly stagnant moving many placements depths cause best joke management nothing put add value stock sleeping,-1
sold big loss good feeling la bro dragon,-1
year companies withinvestment power plants go commercial operation mfcb owned donsahong jaks owned dong ytlp owned attarac power plants respectively sahong pp expect go commercial q jaks dong go commercial q q respectively ytlp attarac pp go commercial q prices stocks moved significantly last month inanticipationof good earnings power plants jaks information fromdk sifus theother stocks much information relatively ironical one mostobjective fact figures get negative hammerings eventhough stocks moving upsince fewmonths ago mfcbtook lead followed byjaks thenytlp,1
know promoters posted hyr dec time vicinity much different jaks forum right promoter hyr cursing day night lah scroll read compare promoter write hyr difference difference may promoter pseudo names,1
got new fund cheer waiting drop keep saying dropdropdrop never hold jaks dump drop drop also much become consolidated already consolidated hard drop guy dump jaks share cheaper,-1
uncle kyy could perfect timing yrs ago like prosperity began going ytl n malakoff day onwards announce awards surewin biz,-1
iklast chance grab today,1
many said jaks ipp jaks still construction utilities sector like mfcb example,-1
tomorrow rebound,1
reason margin call follower mati hengyuan sendai jaks forgotten,-1
stesen dok baik rumah kerja,1
cheap hey works easy surprise low cost item,1
wi hebat,1
bekerja baik dipasangkan w treo alat dengar skype pc using usb bluetooth transceiver,1
keseimbangan warna camera bad,-1
low quality,-1
pecut terrible customer service,-1
menjangkakan pengalaman pengguna baik motorola,-1
frustrating thing speakerphone,-1
tmobile service year im quite happy,1
keselesaan keluarga,1
mengesyorkan item,1
love thing,1
baik kerja alright,1
anda memerlukan sekurangkurangnya,-1
new battery works great phone,1
melindungi telefon pihak,1
great phone,1
however year fliptop began loose shaky finally screen became black couldnt accept make call,-1
satisfied,1
bekerja peranti trythe direka bentuk cara pintar pembinaan terasa baik,1
working,-1
membelinya ibu masalah bateri,-1
great phone great network,1
wouldnt give star could,-1
krussel always good,1
sekeping beautiful garbage,-1
good enough price,-1
still maintain monyet membuat fon kepala jelas berkongsi cukup dna menyalin reka bentuk manusia,-1
bagaimanapun keyboard small,-1
buat kesalahan lakukan,-1
kebocoran bunyi alat dengar,-1
acceptable tone,-1
great bluetooth,1
bercakap perkhidmatan pelanggan berguna,-1
mic joke amount relatively low,-1
buruk pandai,-1
muat,-1
there terrible ticks sound background calls alami,-1
beautiful phone,1
great work,1
better new,1
jabras ear happy kualiti bunyi terutama keluar better,1
tunas telinga,-1
great combination pc phone pocket,1
however pad telinga keluar mudah selepas seminggu kehilangan satu,-1
plugs dont work well,-1
wang,-1
battery hold well,1
easy use like,1
telefon kukuh phone strong nokia bar phones,1
tmobile,1
apaapa nada cincin good phone buy,1
exactly terrible,-1
pair know darn thing work,-1
anda memerlukan dua tangan mengendalikan skrin perisian skrin bersaing new software design,-1
would recommend,-1
rehat,-1
piece garbage,-1
restore phone love new performance,1
best bluetooth headset sound quality,1
anda menjawab panggilan unit bekerja sekali,-1
suka,1
acceptance terrible full static,-1
clear quality sound dont chaotic sound ipod sound button headset,1
sesuai selesa datang tiga saiz tip telinga,1
reading specifications makes say wow,1
work properly,-1
meletakkan treo kes uncomfortable plenty extra space side,-1
want,1
produk cukup baik,1
memakai baik,-1
good bargain,-1
print great tiger,1
mic great,1
good product,1
good case,1
price much,1
bad purchase,-1
problem pressing signal,-1
kulit asli bersinar selesa mengesyorkan anda kes,1
hebat,1
akhirnya tergelincir pinggir seluar poket belakang,1
baik dijangkakan,1
bateri tahan lama telefon flip,-1
harga baik penghantaran free good purchase,1
tambang year christmas bought whole family,1
miracle aid,1
poor talk time performance,-1
great thing,1
barangan,1
highly recommend device everyone,1
buang time money,-1
memalukan digunakan kelihatan kebanyakannya memalukan anak syarikat,-1
setup went well,1
betapa bodohnya,-1
pda stone,1
pilihan terbaik,1
joy use,1
would recommend others,1
kes menunjukkan tandatanda haus berfungsi,1
kept catch cable seat remove phone turn,-1
ordered sony ericsson wi think works mula menggunakannya,-1
bukannya,1
design defects,-1
internet slow,-1
memakannya,-1
great phone,1
mendengar bercakap mengeluarkan fon telinga bercakap telefon,-1
pengecas kereta car charger well ac chargers include make sure never run juice direkomendasikan,1
beli produk,-1
fixes problems,1
bekerja,1
picture resolution far offer prices offer today,-1
produk baik,1
menjadikannya mudah dipegang,1
battery runs fast,-1
ciri pemesejan teks benarbenar sukar digunakan,-1
cukup berpuas hati pembelian,1
made strong,1
fon telinga hebat,1
phone useless pekak,-1
hari,-1
kualiti bunyi baik fungsi hebat,1
hayat bateri hebat,1
receiving using product days breaks,-1
hold charge,-1
dont buy,-1
sound quality also good,1
beautiful style though,1
menggunakan kes bau menjijikkan,-1
sanyo terselamat berpuluhpuluh tetes blacktop adverse effects,1
kes pleather,-1
mungkin kecacatan mengambil risiko membelinya kualiti dibina,-1
sesuai baik telinga bunyi jelas kuat pertuduhan berlangsung hari,1
mencapai barisan selesa kekunci menghantar tamat mengharapkan,-1
kualiti bunyi peranti diterimapada area benarbenar tenang anda mendengar apaapa,-1
kekecewaan besar penyegerakan kalendar,-1
great phone,1
beli telefon,-1
whine internet goesthe use less like,-1
strong enough,-1
telefon tergelincir kereta cengkaman menghalang phone slipping hand,1
battery relied well antenna use service,-1
low quality,-1
mengesyorkan igo telefon bimbit pemain mp jenama berbeza keluarga,1
sister likes,1
butang terlalu kecil,-1
great choice speakers bumper light menarik,-1
fikir pelaburan baik,1
baik dibungkus arrived time berfungsi diharapkan,1
kelantangan dering choice kuat,1
gembira produk amazon sukar mencari expensive,1
reka bentuk rumit,-1
howevercriengtones best permainan,-1
plan order,1
easy use,1
jaminan masalah reoccurebottom line put money elsewhere cingular support,-1
best service,1
doesnt work bought lc didnt work,-1
plan use car forget,-1
great ipods,1
buat kesilapan please dont buy phone,-1
kecil bunyi hebat,1
love product,1
cermin mata hitam,-1
dont work,-1
waste time,-1
tambahnya,-1
happy purchase,1
nano expressing itmy son disappointed,-1
year battery died completely headset,-1
benarbenar baik setakat mungkin bt best headset ive ever,1
sound shield unusual,1
semasa panggilan berbeza minit mengalami point kawasan bar,-1
terus kerja baik amazon,1
ordered product first satisfied immediately,-1
anda mencari alat dengar motorola berkualiti continue find,-1
got job done,1
kulit bagus lembut ketat dipotong wajah bentuk baik,1
jabra ear gel r terbaik,1
want,-1
perlindungan,1
good,1
buangbuang satu,-1
great product,1
design good,1
sent detailed review gray black phone red fire great color,1
produk baik harga,1
happy headset,1
great noise service,1
work perfectly,1
happy product far,1
customer service terrible,-1
sound quality ends good menggunakan alat dengar memanggil isteri meminta isteri menggunakan alat dengar menghubungi,1
pembesar suara berkualiti rendah menjadikan nada dering sound cheap,-1
selesa anda memerlukan alat dengar anda selesa sekurangkurangnya satu jam satusatu masa sepanjang hari,1
stay away store careful,-1
menerima headset received headset good time happy,1
dipercayai menyerah,-1
would suggest,1
unfortunately doesnt work,-1
doesnt charge,-1
works comfortable,1
telefon terburuk,-1
impressed went original battery bateri dilanjutkan,1
suka produk motorola provides clearly ear microphone parts,1
phone bit sturdy never big deal,1
evidence says,1
plastik lantai kayu lama,-1
mobile works,1
battery works great,1
kabel kelihatan nipis rapuh menakutkan,-1
nokia berusia tracfone,-1
best headset use,1
impressed would recommend anyone,-1
amaran tinggalkan,-1
dont think instruction given help,-1
great problem,1
luar tingkap apaapa,-1
browser fail menawarkan pilihan,1
fitnah,-1
work europe asia,-1
clarity poor voice,-1
kagum harga kes,1
hari,-1
phone strong waterproof,1
great value,1
membantu,1
product great makes easier go photocopy machine waiting held something,1
disappointed,-1
huge drawback mp player button front cover phone allows pause skip locked song second,-1
membeli berharap membuat headset,-1
got lot compliments,1
membeli,1
phone cool,1
basically forget microsofts technology support,-1
would definitely recommend jabra btv looking comfort kejelasan harga hebat,1
harga hebat,1
dialing suara kereta sebarang masalah,1
kes telefon jenis dompet baik,1
dirasakan dibina menu sukar dilayari butangbutang tersekat sukar menolaknya,-1
menggunakan telefon tempoh dua tahun best,1
elakkan telefon cara,-1
berlumpur low quality noise case sekeliling penyambung wayar terlalu terpaku terkeluar,-1
gel telinga tambahan disediakan instruction anything,-1
produk baik unusual value,1
first phone ive made cheap,-1
like many people complain mikrofon alat dengar lemah,-1
use earpieces kiri right kekal telingaku,-1
gosh best phone ever,1
would highly recommend,1
phone month say best mobile phone,1
missed lot calls reason,-1
selepas bulan screen,-1
like look taste samsungs flip phone,1
cuba membuat panggilan,-1
laman web menilai telefon baik,1
telefon anggap terbaik kesilapan,-1
warna cantik fikir grafiknya tajam,1
membeli dua dikenakan bayaran,-1
dont waste money,-1
tahan selamalamanya expensive replace mudah beroperasi bunyi jauh baik cuba,1
cukup langsat dimuatkan stesen dok jam penggera mengeluarkan kes,1
memasangkan iphone bahagia setakat,1
lot battery capacity selesa dipakai tempoh lama,1
gembira melihat menggantikan holster swivel berpusing flip blackberry,1
great price well,1
merasa amp kelihatan seolaholah telefon plastik murah ringan,-1
fast service,1
kagum kerja dilakukan motorola kekokohan telefon,1
shipping time also fast,1
baik im memuaskan,1
mudah ringan hebat,1
know make wise decision,1
design odd telinga klip selesa sekali,-1
menyukai butang rasanya retak penggunaan,-1
acceptance good,1
menghadapi masalah mendengar dikatakan,-1
membuat bunyi pelik,-1
telefon bimbit,1
says,-1
great product price,1
produk baik good seller,1
everything product wrong,-1
never got,-1
basically service bad,-1
works fine,1
dont waste money,-1
headset works well,1
membuat kes small difficult install,-1
works described,1
good battery arrives fast,1
poor product,-1
send back,-1
thing disappointed infrared port irda,-1
would recommend anyone,-1
vg merangkak mengunci sekali seketika,-1
tied charger surviving conversation minit masalah masalah,-1
destinasi diketahui,-1
product suitable people like whose ear sensitive,1
cool,1
aksesori mengecewakan good manufacturer,-1
please dont waste money,-1
suka nada dering optimistic,1
kes aluminium vx sawit baru got case berfungsi baik protect hands sempurna setakat,1
provides good protection looks stylish well,1
lembap,-1
thats terrible,-1
thumb seller,1
quit work used kirakira bulan membeli satu alat dengar terbaik miliki,1
mencuba earpieces different cell phone jabra first find fit ear comfortably,1
works great,1
fikiran betul membeli bateri,-1
disappointing,-1
came verizon cingulair better cell phone first thing noticed bad service,-1
peranti tangan hebat,1
complaint standard sound amount slightly low even turn,-1
mencari alat dengar masa lama mendapatnya bahagia,1
much better hard plastic cases,1
plantronics,1
seminggu selepas mengaktifkannya suddenly died,-1
pembelian terburuk buat amazon,-1
easy pair samsung cells,1
get extra minute run call cut,1
mengesyorkan,-1
always use headset freedom wireless helpful,1
piece buruk bersama perkhidmatan verizon customer,-1
kecewa,-1
headset meets needs im happy purchase,1
great jaw bone,1
masalah disebutkan,-1
impressed product,-1
delivery time,1
adapter provide sufficient charge current,-1
sejuk kebanyakan kes,1
specific model work motorola q smartphone,-1
kes looks good made,1
selepas pertuduhan terus mati first charge continues minit,-1
memakainya hari memegang baik,1
menggunakan produk pusat kawalan motor voltan tinggi bersenandung peralatan works great,1
teruk,-1
berlangsung minit benarbenar cuba menggunakan isteri telefonmy telefon masalah,-1
sampah mutlak,-1
menghubungi syarikat told unit still warranty menghasilkan resit beruntung,-1
bapa v bateri mati,-1
ropoter,-1
wind resistant,1
berharap return unit get back money,-1
less prevents hinges,-1
love bluetooth,1
produk hebat penghantaran cepat,1
works well,1
replacement died within weeks,-1
read another review problem,1
sending good audio,1
network coverage los angeles mengerikan,-1
useless,-1
im glad bought,1
easy enough,1
berfungsi harga,1
loudglad say plantronics mengekalkan sambungan sempurna sel statik semasa penggunaan biasa,1
construction headset poorly,-1
problem accessing internet download nada dering melaksanakan sebarang fungsi,1
doesnt work mendengar bercakap,-1
bought nokia cell phone weeks ago nightmare,-1
mudah didengar,-1
get strong signal,-1
great works perfectly,1
phone used new,-1
disedut kebanyakan item dont work phone,-1
soyos technology suck,-1
iphone,1
fresh clear,1
obviously horrible customer service get pay,-1
anyone close hear conversations,-1
produk big,-1
nothing bad say headset,-1
membeli fon kepala kabel terdengar baik,-1
product good works better verizon boy cheaper,1
great little stuff,1
berjaya membengkokkan musim bunga tempatnya metal enough pressure break next decrease,-1
beli telefon,-1
phone works great,1
great charger,1
pengecas tips igo great,1
telefon tahun baru membeli sa wow,1
cuping ear large heavy terus jatuh telingaku,-1
one favorite purchase ever,1
anda mengembalikan wang tandas,-1
alat dengar hebat kagum h,1
simpan wang anda item bulan,-1
biggest complaint bateri mengalir superfast,-1
bekerja hebat pecah selepas bulan penggunaan,-1
phone fell easily,-1
berfungsi hebat kucing attacked phone scratch protective strip instead destroying screen,1
produk menutup sensor cahaya penting,-1
description improper return,-1
great job,1
berfungsi lama nokia,-1
device great cases,1
elektronik terbaik pemancar fm tersedia,1
membeli use fire light really like,1
doesnt work cell phone plug im set charger,-1
best charger lihat pasaran,1
got cell phone soon got car,1
makes worse,-1
like hard overcome conversations phone,-1
take videos time quality poor,-1
kualiti bunyi baik,1
acceptance headset good,1
akses internet fine contoh jarang berlaku bekerja,-1
masa minggu far good,1
keseluruhannya gather phone appointments contacts sambutan hebat,1
freezing often,-1
works,1
berfungsi,-1
pelbagai selesa bagus good battery life,1
membeli,-1
necessarily look like amazons picture makes look,-1
telefon akhir akhir really unhappy,-1
telefon kecil mudah digunakan kerosakan diterima,-1
meneruskannya berkala entah terus jatuh,-1
mengesyorkan,1
sekeping earbud pecah mudah,-1
berfungsi pesona berfungsi got phone,1
sambutan dahsyat apartmen phones dont problem,-1
memuat naik nada dering,-1
menyukai hayat bateri panjang,1
beats purpose bluetooth headset,-1
memiliki sampah know,-1
menggunakannya betul guess,-1
tempat,-1
great work,1
great phone,1
month berfungsi sempurna setakat,1
company sends product quickly works well,1
lasted one day exploded,-1
terrible terrible protector,-1
amazon menyebalkan,-1
pasangan keduadua peranti mudah mengambil masa minit mula membuat panggilan ciri pendailan suara,1
bateri razr membeli bagus,1
persediaan mungkin easier,1
mengarahkan kabel data motorola product ready function well,1
also area unit pecah dont like magnetic rope much,-1
product kos like mengharapkan berfungsi baik mudah,-1
poor quality service,-1
selepas mengecas semalaman bateri berfungsi baik,1
hardly hear always say,-1
good expect,-1
everything good reasonable price ie,1
telefon mengambil gambar hebat klip video,1
papan kekunci kompromi bagus qwerty penuh papan kekunci basic phone number,1
love phone,1
interesting seems quality,1
bt headset disappointment,-1
dua mengatakan telefon baru tv,1
best headset ever,1
want,1
telefon mungkin bad ive ever brand,-1
seems actually overcome original battery datang vi,1
telefon terdengar ok bagus ok phone sound ok isteri difahami could understand words said,-1
im happy,-1
works fine,1
menyemak mel suara waktu malam lampu belakang pad kekunci dimatikan saat mesej hilang,-1
mengenakan telefon telefon,-1
berfungsi dont buy,-1
comfortable,1
syarikat mengenakan bayaran restocking still dont give back refund,-1
kes mulakan dibuang,-1
accept quickly works great,1
didnt keep connection computer lap,-1
gembira pembelian good quality low price,1
saiz skrin besar pad utama menyala cukup baik,1
majority logitech earphone failed,-1
worst phone ive ever month,-1
skype,1
shame ear hurt try push ear plug ear,-1
buy wrongly advertised,-1
menyimpan apaapa nombor telefon sim,-1
pengecas kereta selepas seminggu pengecas pecah pergi pasang mula merokok,-1
dont like nokia,-1
works well,1
kekecewaan,-1
menambah penerimaan selepas membelinya,-1
mengambil masa lama menggambarkan betapa buruk pengalaman perkhidmatan pelanggan amazon,-1
spinn iriver kes,1
let go plug get unite properly get good volume,-1
first reception bar,-1
q,-1
suka kamera kualiti baik,1
great product,1
bluetooth weeks really liked,1
jaw bone era also great,1
alat dengar wayarles starter good,-1
telefon camera nice cold play video layak,1
disappointed,-1
cant get software work computer,-1
sent back,-1
att jelas sound distorted scream talk,-1
awkward use unreliable,-1
drive together alat dengar mula berdering without reason,-1
dont buy product,-1
waste dollars,-1
alat dengar hebat,1
tahun,1
jumlah mencukupi,-1
ditambah,1
calls fall skrin hitam teruk berhenti,-1
telefon memegang caj dilakukan new,1
return hour later,-1
luaran sejuk,1
frustrating performance,-1
berfungsi baik kereta cuba memuat turun buku alamat rebo back menilai peranti tinggi,1
clear fresh sound,1
benarbenar mengesyorkannya,1
bateri tawaran baik,1
comfortable hands,1
recognizes phone storage device,-1
allows possibility double reservation date time first,-1
love set head,1
miskin berbanding telefon razr dipasang lg,-1
returned,-1
buyer careful,-1
groundline gimmick bernilai murah pecut,-1
basically communication tool communicate,-1
clipping belt make feel like next percent,1
cara memasangkannya,-1
crap,-1
lightweight function well,1
oh terlupa menyebutkan strange color telefon anda,-1
tawarmenawar,1
selesa dipakai mungkin aspect penting use cases,1
kecewa keputusan,-1
kecewa,-1
keduaduanya dipisahkan kaki mula melihat bunyi statik kacau berlebihan alat dengar,-1
duduk kenderaan cradle belt alat dengarnya hilang isyarat,-1
highly recommend cases,1
kagum kedatangan lg,1
miskin,-1
suka warna,1
advise everyone fool,-1
telefon berfungsi baik,1
slow take forever anything,-1
nota penampilan telefon looks bit bland especially black models,-1
received new motorcycle seems match phone charger,-1
recently problem couldnt get touch minit diputuskan,-1
unpleasant,-1
audio great,1
keras overcome conversations telefon anda,-1
good product berpuas hati pembelian,1
super phone load,1
pecah,-1
got small cute,1
gadis mengadu waktu telefon bangun telefon biasa,-1
good headset worth right,1
surprised quality car charger didnt comment much,1
im really disappointed charger doesnt work,-1
pergi laman web motorola follow directions dipasangkan,-1
good value berfungsi baik power usb kereta soket dinding,1
extraordinary,1
arrived quickly much cheaper ones sold,1
associate phone without effort,1
memainkan kuat manamana penceramah saiz harga rendah kebanyakan berfikir kualiti bagaimanapun,1
berlaku stop use headset,-1
regret,1
company joke,-1
rakan sekerja,1
mahal digunakan palmtop kamera telefon bimbit hibrid kecil excelled role,1
bad choice,-1
im sorry made purchase,-1
great use stereo home,1
mudah,1
dosa terburuk industrial design,-1
ganggu go shop,-1
fast service,1
angin use anymore,-1
like features factor shape,1
found produk mudah ditubuhkan digunakan,1
sound clear bercakap kagum kualiti,1
however need better instruction,-1
produk dahsyat waste money,-1
im excite get headset think really cute,1
dibuat baik,1
kamera mega pixel merupakan sebahagian telefon cukup baik,1
could think,-1
meruntuhkan delivery charge,-1
sekeping murah menjangkakan kualiti baik,-1
mencuba unit failed tempoh bulan pro,-1
bertukar telefon problem,-1
telefon berusaha keras everything failed capable phone,-1
cases tried usually destroyed month seemed long run,1
telefon nampaknya menerima anything except mp cbr sebaiknya dikalahkan pemain media windows,-1
easy easy digunakan membuat perjalanan kereta lancar,1
price amazon excellent product highly recommend,1
kelemahan kes unusual quality worth extra cost official oem product,1
love device,1
case nice terasa baik tangan anda,1
selesa telinga,1
price good,1
murah merasa kelihatan murah,-1
alat tangan percuma baik,1
telefon dahsyat,-1
resulted phone trapped maximum mute amount,-1
kes hebat price,1
feels light tinny,-1
gagal,-1
mudah menghidupkan mematikan anda car volume control quite accessible,1
easy install use clear sound,1
worst,-1
mengambil bateri keluar telefon meletakkan bersamasama mulakan,-1
pembaziran wang,-1
battery life,-1
penerimaan tetamu umumnya baik,1
oh,1
tried cable computer ipod works well,1
great phone,1
unreliable service,-1
bar telefon bimbit rumah anda mendengar apaapa,-1
thank throw money,-1
telefon setahun phone year memberitahu anda,-1
works great,1
mengesyorkan,1
kamera rat megapixel mengagumkan produce images fall far expectations relatively high resolution,-1
telefon hebat,1
refuse return replace,-1
one thing hate button set set sebelah,-1
omong blank quality sound terrible,-1
comfortable ear,1
benarbenar hodoh,-1
alat pilihan bertahuntahun good amount pembatalan bunyi good,1
really misleading first cause lose important contacts,-1
jauh kecil tulang rahang menggantikannya,1
voice recognition mobile phone good,1
wireless wireless stone cheap little phone,1
membeli telefon pengganti permulaan menyesali,-1
like phone,1
easy use,1
thank great service,1
dibuka damaged battery connection device turn,-1
mudah mengakses telefon klip tali pinggang berguna dilepaskan,1
ps,1
battery life unacceptable,-1
nice compact keyboard,1
bt bateri sampah,-1
goremeister lucio fulci tambahan bagus subgenre giallo,1
menggegarkan dunia pastinya mesti melihat saluran social physical,1
merupakan keseimbangan perang cinta betul,1
masa lama melihat pelakon charismatic screen,1
harap memasukkan nilai negatif admins,-1
minta maaf mengesyorkannya,-1
one movies membosankan lihat,-1
movie offer lot fun surprises,1
generally lines plots weaker average episode,-1
give,1
air scenes well done,1
movie balanced comedy drama really enjoy,1
know melihat filem better thing come talented actor,1
hakikatnya movie great sad story two people pursuing dreams,1
terms write fresh bold,1
completely reliable,1
filem menyeronokkan lucu,1
main theme movie handled accidentally stereotaip kedalaman imaginasi,-1
pendek kata great time energy waste would recommend anyone watch movie,-1
rakanrakan julian menang,1
checked,1
zillion times reality,-1
anda berhubungan neraka memahami,-1
barney definitely super duper,1
rasa suka butiran disfungsi beliau,1
tepat memberikan ulasan,-1
classic lagu hebat lagu menarik semasa kredit berakhir,1
ten minutes movie began second thought,-1
light horrible,-1
love benarbenar menakutkan,1
charles ray,1
ingin melayari gelombang kecil filem space year year mendalam armageddon gagal manamana,-1
lot holes script,-1
suggested friends,1
satu gagal menimbulkan sebarang ketegangan sebenar,-1
realize beautiful last two scenes,1
love aisle melihatnya filem buruk,-1
touch touch command menyumbang adegan watakwatak,1
really like,1
ironinya kebanyakannya mencari films waste time watch,-1
filem apaapa reason show ridiculous action scene,-1
watak emily watson kuat understand everything,1
think there one network posted dribble watching putting,-1
prestasinya given menakjubkan,1
boneka kelihatan licik good way like movie kulit wayang,-1
jelas distance ability draw part,1
good job bit funny,1
bad,-1
bermain penjahat penyewa michael ironside rendah,-1
batu permainan,1
plot baik membiarkannya pergi,-1
strongly recommend movie anyone interested art poetry theater politics japanese history,1
kes buruk ketawa,-1
anda melihatnya anda tinggalkannya rak,-1
good movie,1
faham sampah rak kedai filem,-1
aksen buruk,-1
permainan nombor satu terbaik siri best number one game series,1
dont think youll upset,1
keaslian kesegaran filem dibelanjakan remodeling longer offer,-1
masa membosankan filem bahagian lucu,1
nice watching night views,1
set kelihatan tempat episod liar,-1
addition horrific leader film many debit,-1
seorang pengulas itali memanggil filem kecil hebat betul,1
movie long,-1
movie dropped ball,-1
perjalanan trek v sempadan akhir terburuk siri,-1
perkaraperkara keempat kanakkanak masuk benarbenar lucu ditonton,1
fact stinker smells like direct release video,-1
mean dunia realistis pertunjukan balet,-1
dialog disedut,-1
suka filem merupakan gambaran hebat keluarga bahagian end know special love,1
movie easily forgotten,1
lets mulakan masalahyang bertindak buruk,-1
scene strong unpleasant,-1
saw movie christmas great movie,1
half way movie started dislike,-1
mishima unattractive,-1
stories strong exploration human nature art,1
scripts huge chaos wrong,-1
menasihati anda see,1
anne heche really convincing,1
happy know genius age moden luar penonton,1
adegan bola sepak akhirnya membingungkan,-1
end time one big budget action movies ive ever lihat,-1
movie looks cheap bland,-1
dipaksa,-1
wonderful fun quick quite accurate broadcast night adventure,1
menasihati pergi melihatnya,1
akting good dialognya cetek tulus,-1
stupid futile complete waste time,-1
pleasant voyage self discovery,-1
worse actor uses june allison movie,-1
like,1
say canada fun game aye,1
lokasi beautiful lies contrast story,1
even talented carrell couldnt save,-1
great movie,1
building used lokasi mungkin hummh miskin,-1
asing worth second time,-1
paralysis would best way describe,-1
one aspect mengecewakan kekurangan gore,-1
namun,1
keduadua pelakon benarbenar memahami watak,1
film excellent work exposing complexity duties incredible challenges face south africa,1
happy watching movie like,1
geek komputer lemak dipercaya bumper bible pelakon,-1
oct,1
try artiness corner black white smart cameras movie frustrate makes sense act poor plot lines almost non existent,-1
baby bop cute,1
kekecewaan besar,-1
bahagian terbaik jururawat betty diprediksi,1
skuasy kelihatan hebat,-1
filem dahsyat,-1
mungkin,-1
sebutan khas harus dibuat skor muzik luar biasa bunyi merupakan unsur penting membantu membuat kartun mengesankan menyenangkan,1
kecewa wonder short list oscar,-1
keseluruhan evaluating movie skala,1
plot ridiculous attract small way uniqueness,-1
watch two days ago hb mula benarbenar menikmatinya kali menyentuh keseluruhan,1
mudah dicintai easier identify,1
also great director photography,1
manufacture perkahwinan sahabat,-1
segar halus vice versa,1
judge movie,1
want real rent money,1
bintangbintangnya berani baik freeman morgan bukit jonah,-1
story paralyzed menarik menjelaskan asalusul boneka jahat,-1
highly recommend,-1
blowing,-1
scream masculine right,1
whole story particular energy,-1
kadangkadang memalukan berpaling,-1
sekali,-1
melupakannya,1
malangnya directional experience means scene incident passed little tension dramatic conflict,-1
budget turn terhad,-1
memberikannya,1
visual mengerikan,-1
filem hebat especially enjoy visual art,1
satusatunya cara mungkin filem ditebus makanan mstk,-1
horrible,-1
malangnya,-1
filem bencana tulen story stupid editing worst lihat puzzling great,-1
anakanak semasa kecil,1
widmark,-1
bertindak act anda harapkan pelakon,1
drive crazy tremble,-1
filem memberikan makna frasa never history human conflict widely borne,1
kind money waste correctly,1
funny,1
done second movie,-1
laughing smiling,-1
struktur filem mudah dibina ketat,1
kehilangan kelerengnya awal prosidingnya completely unreasonable uncertain,-1
mudahmudahan pengarah james cox mengubah pendek filem panjang ciri pelakon memenangi filem baru,1
film ultracheap view,-1
rumah jalan rubah abad stupid stories unbelievable movie,-1
kris kristofferson baik filem benarbenar membuat perbezaan,1
lakonannya kayu mulia buruk filem b universal,-1
anda menyesal,1
know contract player little control script tindakan buruk skrip,-1
pelakon hebat barisan cerita persembahan,1
plot rumit meyakinkan film ditonton pandangan aneh mempersoalkan,-1
pelakon watak hebat telly savalas peter boyle,1
still quite interest entertaining follow,1
melihat movie starring jaclyn smith tuhan salah satu terbaik muncul,1
filem situasi filem awal melalui permainan dimainkan jurulatih bertindak menarik,1
thing worse taylors act stanwycks singing,-1
mungkin salah satu filem lihat sepanjang life,-1
jamie foxxcharles ray,1
menangani isu sukar maruah rahmat,1
trumbull love lucy,1
seorang pelakon baik mengulangi movement robots face pictures,-1
cant take seriously,-1
spoiler serius movie great disappointment,-1
pendek kata risau filem,-1
many problems dont know start,-1
filem memerlukan perkataan mulut dipromosikan,1
impressed character plays,1
children also cool,1
otak anda cuba menutupnutupi sebahagian dorongan primal pemeliharaan diri,-1
duris appearance sihat memberikan prestasi baik,1
adegan terbaik filem akhirnya,1
tired unlucky thing,-1
kekurangan logik,-1
prestasinya genius,1
national property,1
dont miss,1
think tom hanks pelakon baik,1
victor mclaglen baik donlevy brian,-1
garis potongan audio everything wrong,-1
mesti mencintai,1
another beautiful movie great master master,1
errol flynn custer pelakon favourite,1
kering mandul dialog,-1
gembira indah rasa baik,1
hitchcock great director,1
everything bad,-1
namun forms ending end describes large sea ship taken frost,1
mencadangkan confidence,1
think movie like dream,1
melihat filem lama john wayne,1
menonton filem sedar betapa hebatnya,1
dont know berlaku keadaannya,-1
looks like beautiful story,1
pasukan badai,-1
learn lot emosi real people movie perniagaan filem,1
kerja kamera henti membentangkan tetapan rumit dibayangkan,-1
kieslowski never stopped captivate,1
melihat movie mengesyorkannya,1
omit watch,-1
would good made watch tv,-1
filem karya seni,1
many close ups,-1
airnya diulangi seribu kali filem,-1
gerardo berusaha mencari lagu terus berjalan melalui kepalanya,1
really creates unique feeling,1
kevin spacey good tsunami good tsunami lisan buddy ackerman seorang pelakon hebat,1
gambaran psikologi rumit details loyalty pengkhianatan cinta harapan besar,1
kesimpulan,1
melihat menikmati filem,-1
find better movie youtube,-1
excellent twist end,1
willow steamboat important movie cinema history,1
tahap besarbesaran watakwatak unlockable besarbesaran permainan besarbesaran,1
explained painful show idiotic ever seen,-1
tempat kejadian,1
actually smart movie,1
vandiver,1
description concept concept,-1
dialog whole movie shot briefly estetika patung,1
everything movie stupid,-1
storyline horrible,-1
woa bercakap dahsyat,-1
membazir dua jam,-1
whatever producer goes terlepas sepenuhnya,-1
dee snider plain sucks,-1
worse markers,-1
dont see movie free,-1
cold,1
horrible,-1
never humbles watak hati tulen baik masalah dipercayai,1
movies make see offenders make excuses stupid action minit,-1
premis berbunyi bodoh thats,-1
left theater gone steps kegembiraan hati harapan umat manusia,1
lirik shakespears one,1
anda pergi menonton filem bawa bantal teman wanita teman lelaki menjaga anda didiami,-1
sampah biasabiasa sengsara berongga ridiculous predictable,-1
cerita bodoh,-1
action inhaled,-1
langkah cantik menyeronokkan uplifting,1
menakutkan scare difahami,-1
oct,1
sempurna anda menumpahkan air mata,1
gambarajah ursula burton biarawati menyentuh melukakan masa fun nuns churches,1
lagu mengerikan,1
movie also reveals,1
world made sekeping kerja cacat teras,-1
film almost action scenes little comedy,-1
salah satu peter watkins filem accessed,1
boring,-1
dua watak utama mungkin dua kanakkanak dipercayai lihat diletakkan skrin,1
magnificent photography cinematography movie,1
takut subtitle bernilai keengganan little,1
look,1
soundtrack disedut,-1
penulisan tulisan pastinya,-1
however membuktikan keseluruhannya boring movie,-1
adegan lucu kadangkadang menyentuh watak menilai kehidupan pergi,1
main player stunning,1
also detikdetik manisnya,1
sinematografi filem ditembak cara menarik,1
terlibat tahu menyusun naratif bersama,-1
film makes lot serious mistakes,-1
manna heaven great movie predictable unpredictable time,1
believe black field done well,1
beliau kehadiran skrin bersinar memikirkan pelakon senior layar bersamanya,1
watak satu dimensi lelaki baik especially wicked,-1
penulis memukul think best actor actor bonuses show watakwatak nyata,1
good show watch,1
nothing suggest,-1
movie really crucial nerves,-1
panci pengulas suka filem,1
amazing movie,1
funny,-1
films trilogy,1
membuat takut terkejut watakwatak doesnt make scared menjengkelkan,-1
still good actor around,1
also music snow marks mungkin skor terbaik dengar,1
hilang flat character spectator berjalan keluar,-1
movie redemption feature,-1
funny,1
slow,-1
definitely one bad,-1
disappointing,-1
problem script,-1
watakwatak menarik anda benarbenar mengambil berat,1
filem terima,1
keseluruhan filem sampah murah,-1
graphic away best part game,-1
filem menggunakan kata longgar satu penghinaan many movie movie,-1
love movie empower women filem cukup luar,1
melihat opera sabun pintar filem,-1
mendengar except cole benarbenar luar biasa pihak,-1
reenactments rata hold attention emosional mengepung stagy,-1
right case movie conveys everything almost right face,1
melihat movie recommend,1
killer mengharapkan asli jauh menakutkan,-1
may bad movie ever made,-1
ebay,1
encouraged,-1
top line dont waste time money one good comes,-1
im tired watching jessica lange take clothes,-1
one time lumpuh,-1
ditahan menonton skrin karisma terrible comedy time,-1
go away,1
alexander nevsky filem hebat,1
bazir masa,-1
paralyzed,-1
anyone inside fikiran right ask anything else movie,1
couldnt stand watch long fear losing iq,-1
aaliyahakasha tempattempat menarik first enter mini dance scenes,1
many beautiful places,1
movie good funny comment life,1
think bad,-1
meredith better right,1
wind lion write well great,1
little music whatever talk,-1
dialogue horrible,-1
barisan cerita diramalkan,-1
filem canggih untuknya,1
bagaimanapun,1
get theater minutes get help,-1
cantik biasa cutie,1
avoid movie costs,-1
jenaka melalui hari sesuai,1
grafik bagus masa,1
mudah kartun entering dark sitcom berorientasikan remaja,1
lihat keduadua filem anda,1
movie bergerak tujuan seorang lelaki muda bermasalah,-1
furniture good level energy clearly comfortable front camera,1
story also funny painful masamasa,1
best melville,1
purata bertindak utama average act main person bajet rendah anda lihat clearly,-1
nothing new,-1
honest masuk akal bodoh,-1
horrible,-1
director cinematography good,-1
movie made,-1
bercakap muzik,-1
attractive movie sentiment heart indah,1
cinematography amazing say least fx apaapa stateoftheart,1
im interested,-1
funny,1
diramalkan,-1
delicate relationship three films great,1
panjang flutter useless,-1
actor awesome,1
addition runs fast suits relatively short period time,1
linda cardellini good thing movie,1
set menarik used throughout films pleasant gem,1
menonton mesin basuh twist around hurt eyes like plan,-1
kedudukan gred z nota pertunjukan buruk ibu pemain menarik anak perempuannya keluar pertunjukan,-1
give one view,1
bagaimanapun bertindak cukup baik sekurangkurangnya type movie,1
nothing trust,-1
mula menonton percaya manamana aksara,-1
like bad two hour tv movie,-1
today graphic garbage,-1
keluar pawagam,1
good reviews love today course movie deserves dilihat,1
salah satu,1
sukakannya,1
genre fans syurga,1
membosankan,-1
watak buruk,-1
melihatnya buang masa anda,-1
pemutus mengejutkan,1
also right politics,-1
satusatunya ketegangan rasa kekecewaan betapa teruknya gadisgadis,-1
movie definitely average rent,-1
cerita bermula cepat sekali tergantung build little bit,-1
anak benarbenar menikmati rancangan proudly say enjoy big time classic wb cartoons,1
tuhan minit,-1
mungkin menunjukkan lihat sepanjang life,-1
diperiksa,1
movie making,-1
melihat filem,-1
long time since entertained movie,1
hate movie like,-1
leave theater wishing keluar menari bintangbintang,1
bit enjoyable,1
prosiding looks like america,-1
mencadangkan menanti usaha masa depan let,-1
never forget movie,1
chemical screen critical whole movie genuine,1
tiga filem menarik lihat,1
poor actor,-1
melihat movie inspiration anyone go overcome fear rejection,-1
like pierce jimmys buffet science teacher,1
kedua hitchcock cukup menyempurnakan filem thriller chase,1
peranannya dimainkan baik,1
memberikan siri televisyen plus,1
watak filem dimainkan baik,1
benarbenar lucu,1
agree jessica filem buruk,-1
mean terrible way,-1
buang masa anda watching unexpected garbage movie,-1
sembilan ten really beautiful movie,1
menonton filem hari fikir usaha baik,1
definitely classic classic dilihat dikongsi,1
sematamata high bentuk cinemas supplication imagined,1
hurt,-1
cuba lakukan filem,-1
filem menyertai pembalasan boogeyman zombiez sebahagian triniti neraka film participating boogeyman zombiezs retribution part horror movie trinity,-1
anda lakukan elakkan alur good antitesis human traffic,-1
left destroy movie experience took two hour fully recover,-1
movie benarbenar,1
northern positive humor community represents,1
deeper nature berbanding lelaki bawahnya,-1
expect oscar material,-1
mengatakan dont want one percaya filem bernilai masa anda,1
interaction martin emilio contains beautiful chemical lihat dinding jalan martin charlie,1
perkembangan watak,-1
skor,1
first person make movie fikir melakukan kerja baik,1
one best movies show brother bond kuat satu,1
amazing movie,1
kata akhir show real torture,-1
hasilnya baik shame,-1
penggambaran sam shepard marine gung ho menyedihkan,1
lucu pandai pinggul gembargembur,1
pemutus dahsyat anda lihat aktor benarbenar buruk tempoh,-1
settings,-1
film seems bit slow first,-1
mind,-1
plot,-1
last minutes movie bad either,1
masalahnya penulisan pengarahan menjadikannya mustahil menubuhkan perkaraperkara membuat filem ditonton like character cerita theme,-1
seolaholah indah dilihat tertolucci relationship meyakinkan naratif menarik karya tuannya,1
really enjoy christopher eccleston menguasai tardis kesinambungan series,1
premis filem masuk akal presiden anda,-1
winged film left lasting impression,1
set besar skala oyvey,1
datang percuma pemain dvd bought still turn half way im embarrassed howell,-1
jujur,-1
salah satu filem sandra bullock terburuk kelajuan buruk,-1
ruin berakhir hebat,1
initially local site film filmed buffalo pull,1
diramal jam tangan buruk,1
never got movie quickly,-1
bipolarity thug kejam satu minit pembunuh kejam minit berikutnya iklan popok luv benarbenar meyakinkan,-1
possible say incredible animation movie,1
beautiful,1
none engaged attractive,-1
malangnya bad movie bad,-1
single character funny called lead,1
everything smells bad,-1
filem mengandungi pelakon bintang melihat pelakon lihat,1
everything act cinematography solid,1
memberikan filem,1
seorang peminat,-1
indeed checked,1
wanita akhirnya muncul tanda peningkatan thing expect happen time movie complete anda mungkin terlelap,-1
pembina suspense baik salurkan garis g pg,1
almost everyone involved must back school act completely predictable bad script pile garbage round,-1
buang masa anda,-1
script looks rough draft write shoot starting script,-1
everything movie amazing,1
praktikal sempurna kesemua true work lautan palsu karyakarya,1
bagaimanapun work act tindakan lokasi baik mengimbangi,-1
spoilers said unusual surface made,1
cinematographyif called inhaled,-1
bermakna perbezaan cara baik,-1
movie interesting beginning end,1
duduk riveted tv screen,1
sebaliknya membuang time,-1
disappointed movie,-1
character funny peculiarity without true character,1
wow,-1
fact hard remember rays coral act played man membuangnya peranan selepas siap skrip matter filem gagal kebanyakan tahap reason something badly keluar berasa marah ringkasan witticism smart mengatakannya sekali keseluruhannya movie attractive heartbroken great movie great director percaya melihat filem think people outside africa selatan understand past cuba proses kebenaran peace mengesahkan filem seimbang generik berjaya memberikan keseluruhan filem melebihlebihkan every moment every point plot jenaka diberitahu treler hour half would like bring back bertindak salah satu penjahat scariest ever lihat menulis menulis filem tidurnya tindakan benarbenar mengerikan pengarahnya kelihatan terlalu megah toon kecil memelihara getaran delivered cartoon popular lucu less clear ever made satu perkataan shame billy bob,1
